zeitraum_id;start;end;soc;länge;länge_stunden;soc_variation;avg_aktivität;max_aktivität;qualität_score;typ
1;1;48;1800,000;48;12,000;0,000;0,000;0,000;1,000;niedrig_aktiv
2;49;96;1800,000;48;12,000;0,000;0,000;0,000;1,000;niedrig_aktiv
3;97;144;1800,000;48;12,000;0,000;0,000;0,000;1,000;niedrig_aktiv
4;145;192;1800,000;48;12,000;0,000;0,000;0,000;1,000;niedrig_aktiv
5;193;240;1800,000;48;12,000;0,000;0,000;0,000;1,000;niedrig_aktiv
6;241;288;1800,000;48;12,000;0,000;0,000;0,000;1,000;niedrig_aktiv
7;289;336;1800,000;48;12,000;0,000;0,000;0,000;1,000;niedrig_aktiv
8;337;384;1800,000;48;12,000;0,000;0,000;0,000;1,000;niedrig_aktiv
12;529;576;4834,570;48;12,000;0,000;0,000;0,000;1,000;niedrig_aktiv
19;865;912;5031,490;48;12,000;0,000;0,000;0,000;1,000;niedrig_aktiv
20;913;960;5031,490;48;12,000;0,000;0,000;0,000;1,000;niedrig_aktiv
21;961;1008;5031,490;48;12,000;0,000;0,000;0,000;1,000;niedrig_aktiv
22;1009;1056;5031,490;48;12,000;0,000;0,000;0,000;1,000;niedrig_aktiv
23;1057;1063;5031,490;7;1,750;0,000;0,000;0,000;1,000;niedrig_aktiv
34;1544;1591;4201,460;48;12,000;0,000;0,000;0,000;1,000;niedrig_aktiv
35;1592;1639;4201,460;48;12,000;0,000;0,000;0,000;1,000;niedrig_aktiv
36;1640;1687;4201,460;48;12,000;0,000;0,000;0,000;1,000;niedrig_aktiv
47;2168;2215;3688,250;48;12,000;0,000;0,000;0,000;1,000;niedrig_aktiv
48;2216;2263;3688,250;48;12,000;0,000;0,000;0,000;1,000;niedrig_aktiv
49;2264;2311;3688,250;48;12,000;0,000;0,000;0,000;1,000;niedrig_aktiv
50;2312;2359;3688,250;48;12,000;0,000;0,000;0,000;1,000;niedrig_aktiv
51;2360;2406;3688,250;47;11,750;0,000;0,000;0,000;1,000;niedrig_aktiv
63;2892;2939;5140,460;48;12,000;0,000;0,000;0,000;1,000;niedrig_aktiv
64;2940;2987;5140,460;48;12,000;0,000;0,000;0,000;1,000;niedrig_aktiv
65;2988;3035;5140,460;48;12,000;0,000;0,000;0,000;1,000;niedrig_aktiv
66;3036;3083;5140,460;48;12,000;0,000;0,000;0,000;1,000;niedrig_aktiv
77;3564;3611;3960,650;48;12,000;0,000;0,000;0,000;1,000;niedrig_aktiv
78;3612;3659;3960,650;48;12,000;0,000;0,000;0,000;1,000;niedrig_aktiv
79;3660;3707;3960,650;48;12,000;0,000;0,000;0,000;1,000;niedrig_aktiv
91;4236;4283;3180,440;48;12,000;0,000;0,000;0,000;1,000;niedrig_aktiv
92;4284;4331;3180,440;48;12,000;0,000;0,000;0,000;1,000;niedrig_aktiv
93;4332;4379;3180,440;48;12,000;0,000;0,000;0,000;1,000;niedrig_aktiv
106;4942;4989;1520,610;48;12,000;0,000;0,000;0,000;1,000;niedrig_aktiv
107;4990;5037;1520,610;48;12,000;0,000;0,000;0,000;1,000;niedrig_aktiv
108;5038;5085;1520,610;48;12,000;0,000;0,000;0,000;1,000;niedrig_aktiv
121;5586;5633;4190,800;48;12,000;0,000;0,000;0,000;1,000;niedrig_aktiv
122;5634;5681;4190,800;48;12,000;0,000;0,000;0,000;1,000;niedrig_aktiv
123;5682;5729;4190,800;48;12,000;0,000;0,000;0,000;1,000;niedrig_aktiv
124;5730;5777;4190,800;48;12,000;0,000;0,000;0,000;1,000;niedrig_aktiv
125;5778;5825;4190,800;48;12,000;0,000;0,000;0,000;1,000;niedrig_aktiv
135;6258;6305;1453,800;48;12,000;0,000;0,000;0,000;1,000;niedrig_aktiv
136;6306;6353;1453,800;48;12,000;0,000;0,000;0,000;1,000;niedrig_aktiv
137;6354;6401;1453,800;48;12,000;0,000;0,000;0,000;1,000;niedrig_aktiv
150;6925;6972;4749,680;48;12,000;0,000;0,000;0,000;1,000;niedrig_aktiv
151;6973;7020;4749,680;48;12,000;0,000;0,000;0,000;1,000;niedrig_aktiv
152;7021;7068;4749,680;48;12,000;0,000;0,000;0,000;1,000;niedrig_aktiv
163;7549;7596;3895,780;48;12,000;0,000;0,000;0,000;1,000;niedrig_aktiv
164;7597;7644;3895,780;48;12,000;0,000;0,000;0,000;1,000;niedrig_aktiv
165;7645;7692;3895,780;48;12,000;0,000;0,000;0,000;1,000;niedrig_aktiv
166;7693;7740;3895,780;48;12,000;0,000;0,000;0,000;1,000;niedrig_aktiv
177;8221;8268;4810,230;48;12,000;0,000;0,000;0,000;1,000;niedrig_aktiv
178;8269;8316;4810,230;48;12,000;0,000;0,000;0,000;1,000;niedrig_aktiv
179;8317;8364;4810,230;48;12,000;0,000;0,000;0,000;1,000;niedrig_aktiv
180;8365;8412;4810,230;48;12,000;0,000;0,000;0,000;1,000;niedrig_aktiv
181;8413;8460;4810,230;48;12,000;0,000;0,000;0,000;1,000;niedrig_aktiv
182;8461;8508;4810,230;48;12,000;0,000;0,000;0,000;1,000;niedrig_aktiv
230;9813;9860;5086,900;48;12,000;0,000;0,000;0,000;1,000;niedrig_aktiv
473;16739;16742;1756,710;4;1,000;0,000;0,000;0,000;1,000;niedrig_aktiv
735;23900;23906;5026,090;7;1,750;0,000;0,000;0,000;1,000;niedrig_aktiv
797;25823;25870;4917,890;48;12,000;0,000;0,000;0,000;1,000;niedrig_aktiv
808;26208;26255;4933,890;48;12,000;0,000;0,000;0,000;1,000;niedrig_aktiv
809;26256;26303;4933,890;48;12,000;0,000;0,000;0,000;1,000;niedrig_aktiv
810;26304;26351;4933,890;48;12,000;0,000;0,000;0,000;1,000;niedrig_aktiv
821;26743;26790;4953,890;48;12,000;0,000;0,000;0,000;1,000;niedrig_aktiv
831;27169;27216;4838,940;48;12,000;0,000;0,000;0,000;1,000;niedrig_aktiv
874;28618;28665;5252,450;48;12,000;0,000;0,000;0,000;1,000;niedrig_aktiv
875;28666;28713;5252,450;48;12,000;0,000;0,000;0,000;1,000;niedrig_aktiv
876;28714;28761;5252,450;48;12,000;0,000;0,000;0,000;1,000;niedrig_aktiv
901;29768;29815;5074,730;48;12,000;0,000;0,000;0,000;1,000;niedrig_aktiv
914;30389;30425;3351,990;37;9,250;0,000;0,000;0,000;1,000;niedrig_aktiv
966;32448;32495;5054,350;48;12,000;0,000;0,000;0,000;1,000;niedrig_aktiv
967;32496;32543;5054,350;48;12,000;0,000;0,000;0,000;1,000;niedrig_aktiv
968;32544;32591;5054,350;48;12,000;0,000;0,000;0,000;1,000;niedrig_aktiv
969;32592;32639;5054,350;48;12,000;0,000;0,000;0,000;1,000;niedrig_aktiv
975;32880;32927;4538,170;48;12,000;0,000;0,000;0,000;1,000;niedrig_aktiv
980;33120;33167;4733,870;48;12,000;0,000;0,000;0,000;1,000;niedrig_aktiv
981;33168;33215;4733,870;48;12,000;0,000;0,000;0,000;1,000;niedrig_aktiv
982;33216;33263;4733,870;48;12,000;0,000;0,000;0,000;1,000;niedrig_aktiv
983;33264;33311;4733,870;48;12,000;0,000;0,000;0,000;1,000;niedrig_aktiv
985;33360;33407;4971,080;48;12,000;0,000;0,000;0,000;1,000;niedrig_aktiv
989;33552;33599;4835,430;48;12,000;0,000;0,000;0,000;1,000;niedrig_aktiv
990;33600;33647;4835,430;48;12,000;0,000;0,000;0,000;1,000;niedrig_aktiv
991;33648;33695;4835,430;48;12,000;0,000;0,000;0,000;1,000;niedrig_aktiv
992;33696;33743;4835,430;48;12,000;0,000;0,000;0,000;1,000;niedrig_aktiv
1001;33945;33992;5165,500;48;12,000;0,000;0,000;0,000;1,000;niedrig_aktiv
1002;33993;34040;5165,500;48;12,000;0,000;0,000;0,000;1,000;niedrig_aktiv
1003;34041;34088;5165,500;48;12,000;0,000;0,000;0,000;1,000;niedrig_aktiv
1005;34137;34184;5170,060;48;12,000;0,000;0,000;0,000;1,000;niedrig_aktiv
1006;34185;34232;5170,060;48;12,000;0,000;0,000;0,000;1,000;niedrig_aktiv
1007;34233;34280;5170,060;48;12,000;0,000;0,000;0,000;1,000;niedrig_aktiv
1008;34281;34328;5170,060;48;12,000;0,000;0,000;0,000;1,000;niedrig_aktiv
1011;34425;34472;5147,530;48;12,000;0,000;0,000;0,000;1,000;niedrig_aktiv
1012;34473;34520;5147,530;48;12,000;0,000;0,000;0,000;1,000;niedrig_aktiv
1015;34617;34664;5204,070;48;12,000;0,000;0,000;0,000;1,000;niedrig_aktiv
1016;34665;34712;5204,070;48;12,000;0,000;0,000;0,000;1,000;niedrig_aktiv
1023;34992;35039;5193,600;48;12,000;0,000;0,000;0,000;1,000;niedrig_aktiv
898;29702;29707;3450,850;6;1,500;0,000;1,670;10,000;0,999;soc_stabil
954;31872;31919;4679,710;48;12,000;0,000;3,150;151,240;0,998;soc_stabil
444;15957;15979;3057,090;23;5,750;0,000;20,800;478,320;0,985;soc_stabil
977;32976;33023;4431,570;48;12,000;3,070;0,260;10,800;0,961;niedrig_aktiv
1004;34089;34136;5166,550;48;12,000;4,560;0,380;18,240;0,943;niedrig_aktiv
767;24877;24924;4976,260;48;12,000;4,660;0,390;18,640;0,941;niedrig_aktiv
500;17366;17371;3191,870;6;1,500;6,400;4,270;25,600;0,917;niedrig_aktiv
134;6210;6257;1455,150;48;12,000;7,180;0,600;28,720;0,910;niedrig_aktiv
149;6877;6924;4751,990;48;12,000;8,530;0,710;34,120;0,893;niedrig_aktiv
1022;34944;34991;5185,320;48;12,000;8,680;0,720;21,240;0,891;niedrig_aktiv
76;3516;3563;3968,140;48;12,000;12,860;1,070;48,920;0,838;niedrig_aktiv
62;2844;2891;5148,210;48;12,000;13,720;1,140;48,680;0,828;niedrig_aktiv
906;30005;30052;4993,480;48;12,000;19,700;1,640;78,800;0,753;niedrig_aktiv
971;32688;32735;4638,000;48;12,000;24,590;2,050;60,160;0,691;niedrig_aktiv
33;1496;1543;4222,960;48;12,000;24,960;2,080;65,080;0,687;niedrig_aktiv
548;18617;18654;666,400;38;9,500;1109,540;128,990;2850,000;0,678;niedrig_aktiv
176;8173;8220;4814,390;48;12,000;26,540;2,210;55,080;0,667;niedrig_aktiv
270;10927;10973;551,150;47;11,750;1236,400;106,390;2400,920;0,667;niedrig_aktiv
578;19433;19470;5255,180;38;9,500;995,930;181,820;2035,490;0,664;niedrig_aktiv
495;17173;17216;403,990;44;11,000;1217,830;117,650;1815,560;0,663;niedrig_aktiv
641;21031;21062;463,150;32;8,000;1125,610;151,280;2563,670;0,659;niedrig_aktiv
90;4188;4235;3187,380;48;12,000;27,280;2,270;56,240;0,657;niedrig_aktiv
780;25336;25380;587,950;45;11,250;1257,750;116,920;2792,480;0,655;niedrig_aktiv
339;12754;12795;796,910;42;10,500;1132,270;167,280;2764,120;0,646;niedrig_aktiv
332;12569;12611;756,810;43;10,750;1195,220;151,740;1253,040;0,644;niedrig_aktiv
383;14056;14092;4483,370;37;9,250;1270,620;137,360;2850,000;0,638;niedrig_aktiv
492;17124;17161;5247,230;38;9,500;1285,820;135,350;2230,200;0,636;niedrig_aktiv
860;28126;28169;651,630;44;11,000;1338,280;121,660;2850,000;0,635;niedrig_aktiv
202;9110;9149;506,320;40;10,000;1313,730;131,370;2478,260;0,633;niedrig_aktiv
311;12080;12122;1069,850;43;10,750;1261,210;151,970;1072,400;0,630;niedrig_aktiv
763;24716;24732;3858,050;17;4,250;783,180;292,230;1835,120;0,630;soc_stabil
795;25719;25766;426,130;48;12,000;1386,120;115,510;2434,160;0,630;niedrig_aktiv
274;11035;11074;304,660;40;10,000;1309,110;141,100;1460,120;0,628;niedrig_aktiv
888;29232;29269;5253,730;38;9,500;1327,900;139,780;2489,160;0,625;niedrig_aktiv
692;22465;22507;279,190;43;10,750;1373,080;127,730;1413,170;0,624;niedrig_aktiv
644;21110;21153;299,030;44;11,000;1365,770;131,860;1593,590;0,622;niedrig_aktiv
820;26695;26742;4959,280;48;12,000;30,060;2,510;95,280;0,622;niedrig_aktiv
510;17553;17592;718,020;40;10,000;1186,210;187,650;2850,000;0,620;niedrig_aktiv
512;17609;17638;5241,390;30;7,500;1254,930;167,320;2850,000;0,620;niedrig_aktiv
660;21543;21575;5243,220;33;8,250;1291,160;156,500;2850,000;0,620;niedrig_aktiv
373;13767;13804;5252,020;38;9,500;1324,890;148,920;2850,000;0,619;niedrig_aktiv
386;14109;14139;732,290;31;7,750;1273,680;173,510;2850,000;0,612;niedrig_aktiv
804;26105;26149;1122,540;45;11,250;1425,000;128,530;2850,000;0,612;niedrig_aktiv
538;18237;18284;539,450;48;12,000;1457,220;121,440;2850,000;0,611;niedrig_aktiv
672;21987;22025;923,490;39;9,750;1231,150;187,410;2033,650;0,611;niedrig_aktiv
243;10256;10303;574,780;48;12,000;1436,000;130,980;2850,000;0,608;niedrig_aktiv
687;22362;22366;3745,070;5;1,250;0,000;555,310;2776,530;0,607;soc_stabil
647;21207;21248;432,300;42;10,500;1418,380;138,920;2019,000;0,606;niedrig_aktiv
227;9730;9755;2241,180;26;6,500;1130,010;226,180;1360,760;0,605;niedrig_aktiv
246;10354;10398;340,370;45;11,250;1433,360;135,890;1988,040;0,605;niedrig_aktiv
597;19961;20004;556,380;44;11,000;1389,370;153,880;2850,000;0,602;niedrig_aktiv
295;11600;11641;837,960;42;10,500;1272,780;190,470;2850,000;0,600;niedrig_aktiv
588;19734;19761;5191,990;28;7,000;1097,520;244,690;1498,190;0,598;niedrig_aktiv
576;19336;19374;5237,610;39;9,750;1178,020;222,380;2195,330;0,597;niedrig_aktiv
376;13861;13898;5253,470;38;9,500;1427,450;150,260;2850,000;0,596;niedrig_aktiv
497;17262;17309;580,940;48;12,000;1504,660;130,430;2542,640;0,594;niedrig_aktiv
716;23177;23212;5234,790;36;9,000;1385,930;165,430;2850,000;0,594;niedrig_aktiv
789;25582;25612;5243,750;31;7,750;1359,890;175,470;2780,760;0,593;niedrig_aktiv
569;19095;19137;328,810;43;10,750;1483,460;139,570;1722,600;0,592;niedrig_aktiv
409;14919;14949;5233,390;31;7,750;1354,220;179,260;2850,000;0,591;niedrig_aktiv
758;24470;24516;308,180;47;11,750;1257,250;210,080;2680,520;0,590;niedrig_aktiv
464;16504;16542;411,500;39;9,750;1455,100;152,940;2225,120;0,589;niedrig_aktiv
622;20545;20571;503,830;27;6,750;1317,260;195,150;2216,330;0,588;niedrig_aktiv
753;24375;24412;539,560;38;9,500;1458,210;155,850;2850,000;0,586;niedrig_aktiv
558;18868;18892;5233,510;25;6,250;1311,190;209,790;2850,000;0,579;niedrig_aktiv
445;15980;16003;4201,160;24;6,000;1293,430;215,570;2501,800;0,578;niedrig_aktiv
609;20247;20291;590,230;45;11,250;1536,150;143,970;2863,380;0,578;niedrig_aktiv
263;10791;10812;1702,730;22;5,500;1091,610;276,150;1883,760;0,577;niedrig_aktiv
319;12235;12266;5243,550;32;8,000;1292,770;218,550;2850,000;0,576;niedrig_aktiv
531;18036;18082;662,750;47;11,750;1427,860;179,460;2850,000;0,576;niedrig_aktiv
262;10760;10790;1078,790;31;7,750;1389,170;193,600;2881,720;0,574;niedrig_aktiv
347;13045;13090;349,020;46;11,500;1345,970;207,460;2850,000;0,573;niedrig_aktiv
544;18519;18561;569,150;43;10,750;1549,340;149,050;2673,280;0,572;niedrig_aktiv
344;12944;12985;637,130;42;10,500;1554,520;148,050;2850,000;0,571;niedrig_aktiv
352;13232;13279;573,180;48;12,000;1547,740;150,660;2774,560;0,571;niedrig_aktiv
600;20020;20054;5125,140;35;8,750;1199,200;254,110;2850,000;0,571;niedrig_aktiv
371;13675;13711;5154,520;37;9,250;1296,990;225,340;1568,320;0,570;niedrig_aktiv
477;16796;16828;668,420;33;8,250;1393,720;197,080;2959,240;0,570;niedrig_aktiv
602;20059;20094;671,240;36;9,000;1502,880;166,990;2850,000;0,569;niedrig_aktiv
215;9452;9472;5222,710;21;5,250;1258,110;239,640;2850,000;0,568;niedrig_aktiv
348;13095;13134;5191,800;40;10,000;1367,610;208,680;1828,040;0,568;niedrig_aktiv
527;17937;17981;781,000;45;11,250;1399,510;199,950;2732,160;0,567;niedrig_aktiv
634;20875;20897;5227,280;23;5,750;1308,360;227,540;2850,000;0,567;niedrig_aktiv
560;18903;18939;718,680;37;9,250;1506,880;169,590;2850,000;0,566;niedrig_aktiv
629;20740;20780;650,040;41;10,250;1432,880;191,740;2850,000;0,566;niedrig_aktiv
432;15524;15556;4933,700;33;8,250;1425,000;198,310;2850,000;0,563;niedrig_aktiv
297;11655;11695;5221,170;41;10,250;1369,320;220,530;2100,480;0,559;niedrig_aktiv
515;17655;17701;634,310;47;11,750;1495,170;186,260;2643,240;0,557;niedrig_aktiv
638;20968;21007;5244,480;40;10,000;1586,860;158,690;2850,000;0,557;niedrig_aktiv
738;23998;24034;910,100;37;9,250;1367,830;227,610;2881,000;0,554;niedrig_aktiv
749;24275;24317;758,300;43;10,750;1284,240;251,860;2850,000;0,554;niedrig_aktiv
562;18959;18987;5236,380;29;7,250;1406,500;217,980;2850,000;0,553;niedrig_aktiv
688;22369;22403;493,180;35;8,750;1535,690;182,100;2799,960;0,551;niedrig_aktiv
785;25486;25516;5232,400;31;7,750;1496,090;193,680;2850,000;0,551;niedrig_aktiv
474;16746;16772;4479,730;27;6,750;1438,590;213,120;1593,000;0,550;niedrig_aktiv
611;20304;20331;5198,230;28;7,000;1315,230;248,400;2850,000;0,550;niedrig_aktiv
208;9305;9345;650,020;41;10,250;1616,230;162,080;2850,000;0,549;niedrig_aktiv
470;16651;16682;5234,800;32;8,000;1499,560;198,040;2850,000;0,548;niedrig_aktiv
235;9976;10020;665,640;45;11,250;1594,480;171,480;2850,000;0,547;niedrig_aktiv
323;12332;12359;5217,350;28;7,000;1413,700;224,670;2850,000;0,547;niedrig_aktiv
594;19864;19905;482,510;42;10,500;1586,500;174,080;2446,270;0,546;niedrig_aktiv
417;15155;15202;500,060;48;12,000;1499,200;205,130;2850,000;0,543;niedrig_aktiv
619;20459;20503;160,680;45;11,250;1183,950;298,340;2850,000;0,542;niedrig_aktiv
880;28906;28953;5179,580;48;12,000;36,860;3,070;101,400;0,537;niedrig_aktiv
572;19238;19274;5237,910;37;9,250;1586,920;189,260;2850,000;0,536;niedrig_aktiv
751;24333;24370;5162,360;38;9,500;1364,070;254,200;2850,000;0,536;niedrig_aktiv
298;11699;11741;362,770;43;10,750;1686,070;161,650;2053,480;0,534;niedrig_aktiv
191;8801;8839;5111,090;39;9,750;1321,470;271,510;2721,510;0,533;niedrig_aktiv
918;30484;30514;4764,580;31;7,750;1560,070;201,300;1286,200;0,533;niedrig_aktiv
234;9950;9970;4335,400;21;5,250;1365,390;260,070;2037,640;0,532;niedrig_aktiv
428;15446;15476;756,580;31;7,750;1542,090;207,330;2850,000;0,532;niedrig_aktiv
658;21488;21534;807,710;47;11,750;1511,220;216,310;2701,680;0,532;niedrig_aktiv
702;22709;22734;5191,600;26;6,500;1475,100;226,940;2850,000;0,532;niedrig_aktiv
506;17460;17507;733,150;48;12,000;1443,190;238,330;2781,320;0,531;niedrig_aktiv
400;14575;14622;520,310;48;12,000;1722,250;157,230;2665,040;0,530;niedrig_aktiv
395;14394;14427;307,760;34;8,500;1578,740;206,900;1374,920;0,525;niedrig_aktiv
407;14862;14906;643,550;45;11,250;1751,930;155,730;2342,160;0,525;niedrig_aktiv
200;9011;9054;314,180;44;11,000;1742,690;161,510;1529,410;0,523;niedrig_aktiv
441;15872;15901;246,290;30;7,500;1461,540;243,360;2850,000;0,523;niedrig_aktiv
728;23664;23705;4465,230;42;10,500;1397,440;264,140;2850,000;0,522;niedrig_aktiv
226;9708;9729;1717,410;22;5,500;1425,710;259,220;1468,000;0,520;niedrig_aktiv
460;16410;16447;383,290;38;9,500;1682,120;184,450;1583,520;0,519;niedrig_aktiv
196;8922;8965;464,450;44;11,000;1681,080;187,850;2591,530;0,517;niedrig_aktiv
996;33796;33840;237,780;45;11,250;1558,300;224,900;1442,400;0,516;niedrig_aktiv
342;12848;12895;862,740;48;12,000;1546,530;229,840;2850,000;0,515;niedrig_aktiv
349;13138;13183;490,750;46;11,500;1781,250;161,150;2346,000;0,515;niedrig_aktiv
605;20152;20194;589,670;43;10,750;1783,710;167,520;2850,000;0,510;niedrig_aktiv
249;10454;10499;552,390;46;11,500;1166,730;351,310;2544,960;0,509;soc_stabil
216;9473;9500;5137,760;28;7,000;1517,170;248,530;2850,000;0,508;niedrig_aktiv
482;16880;16924;677,050;45;11,250;1680,360;205,640;2850,000;0,505;niedrig_aktiv
449;16069;16114;5215,700;46;11,500;1841,230;160,110;2850,000;0,503;niedrig_aktiv
486;16989;17019;590,320;31;7,750;1613,600;229,240;2850,000;0,502;niedrig_aktiv
212;9367;9393;4896,470;27;6,750;1390,210;298,890;2850,000;0,499;niedrig_aktiv
436;15693;15706;3468,250;14;3,500;1030,280;405,580;1557,040;0,499;soc_stabil
18;817;864;5034,040;48;12,000;40,100;3,340;82,880;0,498;niedrig_aktiv
830;27121;27168;4836,540;48;12,000;40,650;3,390;95,280;0,498;niedrig_aktiv
855;28028;28063;834,370;36;9,000;1565,080;249,550;2850,000;0,498;niedrig_aktiv
864;28230;28277;5110,220;48;12,000;50,390;4,200;118,920;0,497;niedrig_aktiv
252;10508;10538;5203,380;31;7,750;1682,570;217,110;2850,000;0,496;niedrig_aktiv
704;22783;22830;4376,970;48;12,000;75,430;6,290;301,340;0,496;niedrig_aktiv
778;25241;25288;5081,960;48;12,000;72,240;6,020;86,800;0,496;niedrig_aktiv
818;26599;26646;5273,910;48;12,000;63,550;5,300;180,360;0,496;niedrig_aktiv
965;32400;32447;5098,380;48;12,000;62,050;5,170;122,160;0,496;niedrig_aktiv
973;32784;32831;4917,490;48;12,000;70,960;5,910;151,680;0,496;niedrig_aktiv
41;1880;1927;4556,190;48;12,000;77,920;6,490;128,600;0,495;niedrig_aktiv
382;14012;14055;3356,490;44;11,000;53,030;6,460;118,600;0,495;niedrig_aktiv
776;25145;25192;4749,440;48;12,000;86,740;7,230;346,960;0,495;niedrig_aktiv
845;27750;27781;2938,370;32;8,000;56,570;7,070;226,280;0,495;niedrig_aktiv
852;27938;27985;4726,050;48;12,000;80,290;6,690;164,440;0,495;niedrig_aktiv
1000;33897;33944;5106,160;48;12,000;74,080;6,490;291,800;0,495;niedrig_aktiv
16;721;768;5215,720;48;12,000;73,170;8,490;130,560;0,494;niedrig_aktiv
695;22521;22545;5145,230;25;6,250;1490,440;276,970;1599,020;0,494;niedrig_aktiv
708;22936;22979;527,520;44;11,000;1831,100;177,480;2881,770;0,493;niedrig_aktiv
67;3084;3131;5065,570;48;12,000;133,690;11,140;173,120;0,492;niedrig_aktiv
636;20912;20959;610,100;48;12,000;1874,990;165,450;2927,820;0,492;niedrig_aktiv
964;32352;32399;5151,980;48;12,000;107,540;11,730;96,800;0,492;niedrig_aktiv
988;33504;33551;4943,470;48;12,000;144,910;12,080;288,880;0,491;niedrig_aktiv
13;577;624;4758,990;48;12,000;161,910;13,490;221,520;0,490;niedrig_aktiv
60;2748;2795;5051,560;48;12,000;110,750;14,210;239,040;0,490;niedrig_aktiv
905;29957;30004;4884,710;48;12,000;143,980;14,390;219,680;0,490;niedrig_aktiv
879;28858;28905;5203,540;48;12,000;183,220;15,740;473,840;0,489;niedrig_aktiv
105;4894;4941;1531,570;48;12,000;206,090;17,170;226,240;0,488;niedrig_aktiv
184;8557;8604;5169,560;48;12,000;207,770;17,310;265,640;0,488;niedrig_aktiv
829;27073;27120;4601,220;48;12,000;209,230;17,440;582,080;0,488;niedrig_aktiv
822;26791;26838;4978,120;48;12,000;193,730;19,080;774,920;0,487;niedrig_aktiv
896;29606;29653;4160,720;48;12,000;175,090;18,620;532,880;0,487;niedrig_aktiv
286;11417;11452;910,090;36;9,000;1703,100;224,750;2886,480;0,486;niedrig_aktiv
1013;34521;34568;5089,810;48;12,000;230,860;19,240;923,440;0,486;niedrig_aktiv
119;5490;5537;3216,800;48;12,000;99,710;20,640;117,840;0,485;niedrig_aktiv
366;13559;13606;4695,510;48;12,000;249,170;21,370;873,400;0,485;niedrig_aktiv
665;21688;21735;5067,000;48;12,000;257,390;21,450;339,530;0,485;niedrig_aktiv
731;23766;23792;5174,900;27;6,750;1644,650;243,650;2850,000;0,485;niedrig_aktiv
884;29092;29139;4299,770;48;12,000;254,760;21,230;645,960;0,485;niedrig_aktiv
979;33072;33119;4743,240;48;12,000;255,360;21,280;431,560;0,485;niedrig_aktiv
326;12428;12468;5099,960;41;10,250;1730,390;220,550;1834,400;0,484;niedrig_aktiv
669;21880;21927;5150,170;48;12,000;270,180;22,520;423,790;0,484;niedrig_aktiv
777;25193;25240;5078,670;48;12,000;278,230;23,190;528,520;0,484;niedrig_aktiv
25;1112;1159;4080,430;48;12,000;235,880;23,530;267,720;0,483;niedrig_aktiv
1014;34569;34616;4951,330;48;12,000;287,400;23,950;639,040;0,483;niedrig_aktiv
11;481;528;4859,760;48;12,000;308,410;25,700;338,480;0,482;niedrig_aktiv
423;15344;15390;628,520;47;11,750;1872,670;182,150;2643,480;0,481;niedrig_aktiv
722;23424;23471;4936,020;48;12,000;266,160;27,450;195,480;0,481;niedrig_aktiv
766;24829;24876;5123,200;48;12,000;330,580;27,550;245,560;0,481;niedrig_aktiv
537;18195;18233;4816,340;39;9,750;1425,000;315,030;2850,000;0,480;niedrig_aktiv
866;28326;28363;2480,450;38;9,500;214,390;28,430;221,520;0,480;niedrig_aktiv
14;625;672;4688,230;48;12,000;297,600;29,360;379,760;0,479;niedrig_aktiv
666;21736;21783;5037,900;48;12,000;355,410;29,620;1421,630;0,479;niedrig_aktiv
17;769;816;5230,450;48;12,000;238,410;31,370;238,960;0,478;niedrig_aktiv
129;5970;6017;4944,640;48;12,000;335,980;30,910;220,440;0,478;niedrig_aktiv
336;12654;12698;1125,610;45;11,250;1682,570;242,130;2781,520;0,478;niedrig_aktiv
670;21928;21975;5068,590;48;12,000;373,980;31,170;1495,930;0,478;niedrig_aktiv
812;26400;26447;4384,130;48;12,000;192,340;31,280;731,880;0,478;niedrig_aktiv
986;33408;33455;5021,340;48;12,000;338,960;30,900;340,720;0,478;niedrig_aktiv
157;7261;7308;5259,310;48;12,000;136,840;33,820;432,480;0,476;niedrig_aktiv
314;12136;12165;5209,090;30;7,500;1522,510;292,680;2850,000;0,476;niedrig_aktiv
639;21008;21024;4077,800;17;4,250;1397,430;328,810;2820,990;0,476;niedrig_aktiv
819;26647;26694;5234,610;48;12,000;323,040;34,570;221,960;0,476;niedrig_aktiv
61;2796;2843;5184,490;48;12,000;284,310;35,860;572,320;0,475;niedrig_aktiv
343;12904;12941;5199,340;38;9,500;1451,830;314,730;2850,000;0,475;niedrig_aktiv
83;3852;3899;4609,380;48;12,000;246,730;36,880;243,400;0,474;niedrig_aktiv
27;1208;1255;4178,450;48;12,000;341,810;38,990;276,720;0,472;niedrig_aktiv
37;1688;1735;4206,220;48;12,000;228,680;39,360;974,520;0,472;niedrig_aktiv
174;8077;8124;5065,520;48;12,000;376,770;40,520;237,880;0,471;niedrig_aktiv
183;8509;8556;4869,730;48;12,000;499,770;41,650;1428,240;0,471;niedrig_aktiv
261;10739;10757;3996,000;19;4,750;1482,490;312,100;2885,560;0,471;niedrig_aktiv
911;30245;30292;5131,220;48;12,000;290,570;41,020;196,960;0,471;niedrig_aktiv
229;9765;9812;5071,060;48;12,000;504,480;42,040;1152,720;0,470;niedrig_aktiv
952;31779;31823;2559,680;45;11,250;301,250;41,950;682,800;0,470;niedrig_aktiv
955;31920;31967;5179,470;48;12,000;516,120;43,010;1040,360;0,470;niedrig_aktiv
15;673;720;5257,080;48;12,000;285,010;43,850;264,440;0,469;niedrig_aktiv
153;7069;7116;4766,290;48;12,000;392,290;44,460;564,680;0,469;niedrig_aktiv
889;29270;29317;4897,770;48;12,000;529,400;44,120;1621,280;0,469;niedrig_aktiv
154;7117;7164;5080,890;48;12,000;479,610;45,630;305,760;0,468;niedrig_aktiv
907;30053;30100;4947,730;48;12,000;436,620;44,970;1134,360;0,468;niedrig_aktiv
811;26352;26399;4864,260;48;12,000;557,010;46,420;2228,040;0,467;niedrig_aktiv
927;30728;30775;4472,680;48;12,000;245,210;47,140;220,120;0,467;niedrig_aktiv
30;1352;1399;5256,600;48;12,000;204,440;48,620;267,480;0,466;niedrig_aktiv
799;25919;25966;3610,670;48;12,000;581,060;48,420;1461,800;0,466;niedrig_aktiv
910;30197;30244;5264,920;48;12,000;228,090;48,070;776,640;0,466;niedrig_aktiv
987;33456;33503;5097,650;48;12,000;329,700;48,360;310,400;0,466;niedrig_aktiv
306;11918;11957;2439,950;40;10,000;374,390;50,190;245,520;0,465;niedrig_aktiv
80;3708;3755;3972,370;48;12,000;382,270;50,980;917,920;0,464;niedrig_aktiv
94;4380;4425;3204,210;46;11,500;455,040;50,690;511,600;0,464;niedrig_aktiv
170;7885;7932;4460,490;48;12,000;438,710;51,460;197,840;0,464;niedrig_aktiv
518;17712;17746;5093,650;35;8,750;1381,970;351,440;1866,040;0,464;niedrig_aktiv
652;21316;21362;592,070;47;11,750;1807,090;226,830;2850,000;0,463;niedrig_aktiv
724;23520;23567;4187,960;48;12,000;424,650;52,410;807,440;0,463;niedrig_aktiv
941;31251;31298;4987,310;48;12,000;629,400;52,450;1088,560;0,463;niedrig_aktiv
956;31968;32015;5108,080;48;12,000;547,760;52,010;431,080;0,463;niedrig_aktiv
410;14950;14977;5177,080;28;7,000;1585,830;293,520;2873,520;0,462;niedrig_aktiv
933;31016;31063;4363,360;48;12,000;388,700;54,010;251,200;0,462;niedrig_aktiv
963;32304;32351;5204,160;48;12,000;252,110;53,640;527,920;0,462;niedrig_aktiv
733;23804;23851;3392,180;48;12,000;392,000;55,100;1568,000;0,461;niedrig_aktiv
85;3948;3995;5045,390;48;12,000;492,050;56,220;305,440;0,460;niedrig_aktiv
55;2508;2555;4979,300;48;12,000;667,090;58,660;347,160;0,459;niedrig_aktiv
89;4140;4187;3466,950;48;12,000;541,120;57,380;309,120;0,459;niedrig_aktiv
31;1400;1447;5183,290;48;12,000;362,730;58,770;381,920;0,458;niedrig_aktiv
278;11138;11185;3998,240;48;12,000;712,500;59,380;2850,000;0,458;niedrig_aktiv
843;27654;27701;4953,100;48;12,000;538,870;59,690;292,440;0,458;niedrig_aktiv
1017;34713;34760;5042,260;48;12,000;707,180;58,930;994,160;0,458;niedrig_aktiv
69;3180;3227;4218,120;48;12,000;500,570;60,180;258,040;0,457;niedrig_aktiv
148;6829;6876;4816,190;48;12,000;438,320;60,190;294,240;0,457;niedrig_aktiv
746;24239;24242;1462,810;4;1,000;61,510;61,510;246,040;0,457;niedrig_aktiv
890;29318;29365;5127,890;48;12,000;529,400;60,150;1378,800;0,457;niedrig_aktiv
897;29654;29701;3561,620;48;12,000;729,840;60,820;2850,000;0,457;niedrig_aktiv
765;24781;24828;4794,800;48;12,000;606,670;62,710;1701,360;0,456;niedrig_aktiv
900;29720;29767;5174,730;48;12,000;506,350;61,800;1920,680;0,456;niedrig_aktiv
930;30872;30919;5226,550;48;12,000;299,840;62,500;290,520;0,456;niedrig_aktiv
999;33849;33896;5198,330;48;12,000;526,630;62,420;952,440;0,456;niedrig_aktiv
962;32256;32303;5047,710;48;12,000;626,190;63,180;333,680;0,455;niedrig_aktiv
402;14632;14679;5292,020;48;12,000;784,680;65,730;2850,000;0,454;niedrig_aktiv
667;21784;21831;4011,500;48;12,000;774,510;64,540;1556,110;0,454;niedrig_aktiv
112;5154;5201;5147,580;48;12,000;400,240;66,540;386,680;0,453;niedrig_aktiv
128;5922;5969;5226,750;48;12,000;243,440;65,890;236,680;0,453;niedrig_aktiv
1018;34761;34808;4562,860;48;12,000;801,610;66,800;832,000;0,453;niedrig_aktiv
168;7789;7836;5149,400;48;12,000;348,380;68,270;597,840;0,452;niedrig_aktiv
206;9259;9297;5073,600;39;9,750;1483,300;338,050;2850,000;0,452;niedrig_aktiv
571;19191;19235;489,010;45;11,250;1673,030;281,880;2311,440;0,452;niedrig_aktiv
863;28182;28229;5156,000;48;12,000;763,730;67,760;1529,480;0,452;niedrig_aktiv
54;2460;2507;4965,180;48;12,000;623,010;69,340;351,840;0,451;niedrig_aktiv
173;8029;8076;5030,870;48;12,000;614,260;68,930;315,400;0,451;niedrig_aktiv
84;3900;3947;4908,040;48;12,000;691,540;70,790;496,960;0,450;niedrig_aktiv
162;7501;7548;4061,770;48;12,000;516,390;71,140;334,000;0,450;niedrig_aktiv
175;8125;8172;5068,140;48;12,000;473,230;70,830;398,960;0,450;niedrig_aktiv
309;12012;12059;3161,100;48;12,000;852,120;71,010;386,560;0,450;niedrig_aktiv
397;14436;14483;5289,660;48;12,000;842,300;70,190;2850,000;0,450;niedrig_aktiv
712;23038;23085;2762,920;48;12,000;609,950;70,190;2439,820;0,450;niedrig_aktiv
155;7165;7212;5015,950;48;12,000;431,620;72,830;307,280;0,449;niedrig_aktiv
924;30584;30631;5147,080;48;12,000;490,660;71,850;1962,640;0,449;niedrig_aktiv
156;7213;7260;4892,450;48;12,000;349,270;73,750;324,400;0,448;niedrig_aktiv
365;13511;13558;4993,760;48;12,000;680,920;73,010;2723,680;0,448;niedrig_aktiv
425;15397;15434;5201,930;38;9,500;1788,680;253,180;2850,000;0,448;niedrig_aktiv
892;29414;29461;5173,110;48;12,000;402,820;73,890;1611,280;0,448;niedrig_aktiv
908;30101;30148;5084,890;48;12,000;889,190;74,250;2850,000;0,448;niedrig_aktiv
950;31683;31730;4357,320;48;12,000;708,460;73,170;274,560;0,448;niedrig_aktiv
43;1976;2023;4623,500;48;12,000;803,630;75,420;439,640;0,447;niedrig_aktiv
169;7837;7884;5100,920;48;12,000;566,930;75,480;278,440;0,447;niedrig_aktiv
662;21583;21611;971,710;29;7,250;1593,390;313,380;2791,460;0,447;niedrig_aktiv
113;5202;5249;4696,030;48;12,000;702,230;77,090;240,640;0,446;niedrig_aktiv
126;5826;5873;4419,870;48;12,000;542,100;75,840;293,000;0,446;niedrig_aktiv
904;29909;29956;5164,500;48;12,000;480,620;75,970;1763,400;0,446;niedrig_aktiv
957;32016;32063;4938,290;48;12,000;607,340;76,830;311,480;0,446;niedrig_aktiv
970;32640;32687;5071,660;48;12,000;659,830;76,290;1022,760;0,446;niedrig_aktiv
984;33312;33359;5060,900;48;12,000;576,170;76,260;1210,400;0,446;niedrig_aktiv
73;3372;3419;3776,680;48;12,000;876,440;78,170;333,400;0,445;niedrig_aktiv
891;29366;29413;5161,630;48;12,000;402,820;77,730;283,520;0,445;niedrig_aktiv
330;12531;12543;4481,670;13;3,250;1306,590;402,030;2850,000;0,444;soc_stabil
756;24433;24462;5164,510;30;7,500;1562,570;327,040;1940,080;0,443;niedrig_aktiv
945;31443;31490;5018,070;48;12,000;928,290;80,860;251,440;0,443;niedrig_aktiv
28;1256;1303;4481,430;48;12,000;528,610;82,490;273,120;0,442;niedrig_aktiv
53;2412;2459;4984,860;48;12,000;615,300;81,900;1056,960;0,442;niedrig_aktiv
45;2072;2119;4748,600;48;12,000;733,040;83,500;326,880;0,441;niedrig_aktiv
161;7453;7500;3836,400;48;12,000;651,900;83,300;355,520;0,441;niedrig_aktiv
949;31635;31682;4919,340;48;12,000;727,960;84,120;372,360;0,441;niedrig_aktiv
851;27890;27937;5299,800;48;12,000;255,450;84,840;2202,280;0,440;niedrig_aktiv
939;31198;31245;2733,500;48;12,000;394,130;84,340;1534,400;0,440;niedrig_aktiv
823;26839;26886;4871,240;48;12,000;771,330;86,030;2850,000;0,439;niedrig_aktiv
836;27397;27444;4457,730;48;12,000;1021,050;85,800;2047,840;0,439;niedrig_aktiv
913;30341;30388;3679,740;48;12,000;850,620;86,300;347,600;0,439;niedrig_aktiv
71;3276;3323;4481,860;48;12,000;376,340;87,780;295,200;0,438;niedrig_aktiv
871;28517;28559;2598,050;43;10,750;703,960;87,450;1447,560;0,438;niedrig_aktiv
873;28570;28617;5182,780;48;12,000;1051,420;87,620;1258,480;0,438;niedrig_aktiv
972;32736;32783;4998,320;48;12,000;684,420;87,590;403,680;0,438;niedrig_aktiv
167;7741;7788;3955,560;48;12,000;885,380;88,820;721,840;0,437;niedrig_aktiv
335;12625;12651;5213,970;27;6,750;1181,870;448,240;2825,640;0,437;soc_stabil
931;30920;30967;5083,100;48;12,000;386,510;89,530;1546,040;0,437;niedrig_aktiv
86;3996;4043;5043,740;48;12,000;492,050;90,850;331,640;0,436;niedrig_aktiv
172;7981;8028;4495,170;48;12,000;446,610;89,870;346,520;0,436;niedrig_aktiv
186;8653;8700;4521,050;48;12,000;964,550;91,220;1693,710;0,436;niedrig_aktiv
353;13289;13336;5136,130;48;12,000;734,320;91,110;2850,000;0,436;niedrig_aktiv
522;17855;17896;553,540;42;10,500;2007,530;206,880;2850,000;0,436;niedrig_aktiv
762;24665;24712;3488,430;48;12,000;951,550;90,470;2850,000;0,436;niedrig_aktiv
68;3132;3179;5135,630;48;12,000;725,390;92,410;420,640;0,435;niedrig_aktiv
104;4846;4893;1156,220;48;12,000;962,430;91,600;483,840;0,435;niedrig_aktiv
534;18112;18134;4691,670;23;5,750;1529,500;347,870;2850,000;0,435;niedrig_aktiv
620;20509;20539;4724,080;31;7,750;1828,230;261,120;2091,940;0,435;niedrig_aktiv
960;32160;32207;4790,230;48;12,000;737,810;92,200;308,200;0,435;niedrig_aktiv
96;4474;4521;4233,540;48;12,000;677,490;93,460;307,040;0,434;niedrig_aktiv
807;26160;26207;4844,240;48;12,000;1125,450;93,790;1884,880;0,434;niedrig_aktiv
828;27025;27072;5134,510;48;12,000;720,980;92,840;2850,000;0,434;niedrig_aktiv
551;18674;18697;5134,440;24;6,000;1736,980;289,500;2850,000;0,433;niedrig_aktiv
720;23328;23375;3818,590;48;12,000;730,100;95,120;2912,480;0,433;niedrig_aktiv
1010;34377;34424;4197,070;48;12,000;1138,310;94,860;1326,720;0,433;niedrig_aktiv
32;1448;1495;4625,980;48;12,000;834,930;96,520;367,320;0,432;niedrig_aktiv
44;2024;2071;4954,100;48;12,000;877,290;96,460;414,480;0,432;niedrig_aktiv
142;6594;6641;5079,060;48;12,000;447,970;95,510;350,880;0,432;niedrig_aktiv
188;8739;8772;625,370;34;8,500;1282,680;425,340;2650,040;0,432;soc_stabil
346;12999;13038;4940,150;40;10,000;1452,190;375,330;1828,640;0,432;niedrig_aktiv
832;27217;27263;4731,250;47;11,750;1124,210;95,680;2258,000;0,432;niedrig_aktiv
1009;34329;34376;4821,400;48;12,000;1160,840;96,740;973,680;0,432;niedrig_aktiv
120;5538;5585;3843,780;48;12,000;1076,770;97,450;418,440;0,431;niedrig_aktiv
403;14680;14727;4624,240;48;12,000;859,030;97,060;440,520;0,431;niedrig_aktiv
943;31347;31394;5119,440;48;12,000;380,220;97,480;981,840;0,431;niedrig_aktiv
1020;34848;34895;2581,240;48;12,000;932,260;97,920;1011,200;0,431;niedrig_aktiv
468;16596;16643;604,420;48;12,000;876,450;99,460;1833,400;0,430;niedrig_aktiv
878;28810;28857;3988,910;48;12,000;1054,490;98,560;1103,760;0,430;niedrig_aktiv
501;17374;17414;648,550;41;10,250;1689,470;309,600;2850,000;0,429;niedrig_aktiv
958;32064;32111;5004,210;48;12,000;568,850;100,460;368,880;0,429;niedrig_aktiv
959;32112;32159;5182,900;48;12,000;617,800;100,910;2375,480;0,429;niedrig_aktiv
978;33024;33071;4924,090;48;12,000;880,700;100,130;360,320;0,429;niedrig_aktiv
40;1832;1879;4988,430;48;12,000;745,250;101,840;307,720;0,428;niedrig_aktiv
82;3804;3851;4452,370;48;12,000;815,880;102,140;276,320;0,428;niedrig_aktiv
127;5874;5921;4598,860;48;12,000;799,270;101,590;682,800;0,428;niedrig_aktiv
241;10181;10228;4570,090;48;12,000;634,930;102,360;2361,560;0,428;niedrig_aktiv
466;16554;16578;5062,330;25;6,250;989,310;516,910;2652,760;0,428;soc_stabil
613;20340;20387;456,350;48;12,000;1067,470;101,910;1655,940;0,428;niedrig_aktiv
929;30824;30871;5122,930;48;12,000;496,750;101,770;499,960;0,428;niedrig_aktiv
944;31395;31442;5032,130;48;12,000;508,490;101,470;1849,240;0,428;niedrig_aktiv
98;4570;4617;2994,680;48;12,000;661,270;103,080;301,760;0,427;niedrig_aktiv
101;4714;4749;1177,060;36;9,000;582,000;103,400;258,200;0,427;niedrig_aktiv
627;20686;20705;3914,780;20;5,000;1639,760;327,950;2547,640;0,427;niedrig_aktiv
759;24521;24568;5245,970;48;12,000;570,600;103,040;2282,400;0,427;niedrig_aktiv
116;5346;5393;4414,450;48;12,000;635,110;104,340;311,280;0,426;niedrig_aktiv
543;18474;18515;5161,650;42;10,500;1715,250;306,330;2084,640;0,426;niedrig_aktiv
796;25775;25822;5272,830;48;12,000;857,090;104,100;2850,000;0,426;niedrig_aktiv
833;27264;27311;2633,360;48;12,000;1119,810;105,000;2311,280;0,426;niedrig_aktiv
491;17079;17121;416,040;43;10,750;1664,510;323,000;2850,000;0,425;niedrig_aktiv
256;10603;10650;5278,190;48;12,000;990,270;107,060;2850,000;0,424;niedrig_aktiv
668;21832;21879;4910,190;48;12,000;1283,530;106,960;1484,140;0,424;niedrig_aktiv
801;26010;26056;655,630;47;11,750;1378,060;409,060;2514,680;0,424;soc_stabil
39;1784;1831;4602,530;48;12,000;992,960;109,550;398,320;0,423;niedrig_aktiv
133;6162;6209;1806,710;48;12,000;1122,470;109,260;480,160;0,423;niedrig_aktiv
74;3420;3467;3824,350;48;12,000;840,110;109,900;387,240;0,422;niedrig_aktiv
145;6731;6775;3521,010;45;11,250;1246,520;110,800;504,440;0,422;niedrig_aktiv
934;31064;31098;4267,580;35;8,750;487,490;110,350;1949,960;0,422;niedrig_aktiv
974;32832;32879;4993,740;48;12,000;771,870;110,830;502,560;0,422;niedrig_aktiv
130;6018;6065;5004,870;48;12,000;713,660;111,150;347,880;0,421;niedrig_aktiv
783;25431;25478;573,690;48;12,000;976,910;111,600;1502,760;0,421;niedrig_aktiv
160;7405;7452;4006,550;48;12,000;1198,200;113,530;315,600;0,420;niedrig_aktiv
504;17430;17446;3907,260;17;4,250;1493,110;380,070;2850,000;0,420;niedrig_aktiv
574;19281;19321;855,640;41;10,250;1823,020;283,180;2841,510;0,420;niedrig_aktiv
579;19474;19517;744,990;44;11,000;1880,100;265,880;2695,550;0,420;niedrig_aktiv
239;10085;10132;4496,220;48;12,000;1012,080;114,970;2850,000;0,419;niedrig_aktiv
591;19770;19817;315,950;48;12,000;1827,050;283,120;2850,000;0,419;niedrig_aktiv
928;30776;30823;5006,550;48;12,000;810,630;114,230;1062,440;0,419;niedrig_aktiv
57;2604;2651;4420,850;48;12,000;824,100;115,330;364,160;0,418;niedrig_aktiv
519;17753;17795;359,220;43;10,750;1805,670;290,890;2850,000;0,418;niedrig_aktiv
734;23852;23899;4846,690;48;12,000;1386,140;115,510;2850,000;0,418;niedrig_aktiv
883;29044;29091;5104,100;48;12,000;530,720;115,420;2122,880;0,418;niedrig_aktiv
26;1160;1207;4488,380;48;12,000;728,820;117,470;368,320;0,417;niedrig_aktiv
321;12276;12323;505,370;48;12,000;1054,740;116,800;2300,400;0,417;niedrig_aktiv
355;13349;13396;1231,370;48;12,000;712,500;117,590;2850,000;0,417;niedrig_aktiv
664;21640;21687;5266,360;48;12,000;1405,970;117,160;2850,000;0,417;niedrig_aktiv
877;28762;28809;4782,620;48;12,000;1407,250;117,270;2824,800;0,417;niedrig_aktiv
260;10713;10738;5159,560;26;6,500;1704,510;324,460;2850,000;0,416;niedrig_aktiv
951;31731;31778;3869,200;48;12,000;1425,000;118,750;2850,000;0,416;niedrig_aktiv
56;2556;2603;4912,870;48;12,000;667,090;119,550;546,400;0,415;niedrig_aktiv
75;3468;3515;4190,220;48;12,000;755,780;120,570;388,040;0,415;niedrig_aktiv
584;19597;19644;3898,040;48;12,000;1457,370;121,450;1762,740;0,414;niedrig_aktiv
674;22044;22057;5145,050;14;3,500;1428,720;408,210;2850,000;0,414;niedrig_aktiv
787;25527;25574;588,400;48;12,000;869,040;121,360;1327,040;0,414;niedrig_aktiv
817;26551;26598;5265,590;48;12,000;1410,460;121,770;2850,000;0,414;niedrig_aktiv
912;30293;30340;5022,440;48;12,000;1097,050;121,400;3011,720;0,414;niedrig_aktiv
114;5250;5297;4897,990;48;12,000;885,970;123,490;433,560;0,413;niedrig_aktiv
159;7357;7404;4690,550;48;12,000;388,120;122,640;456,680;0,413;niedrig_aktiv
277;11090;11137;5217,620;48;12,000;732,760;123,190;2850,000;0,413;niedrig_aktiv
375;13815;13858;389,860;44;11,000;1772,570;307,480;2658,400;0,413;niedrig_aktiv
413;15038;15055;5158,790;18;4,500;1229,250;468,240;1963,920;0,413;soc_stabil
721;23376;23423;4753,440;48;12,000;1296,280;123,010;1522,040;0,413;niedrig_aktiv
894;29510;29557;4850,550;48;12,000;1356,460;122,380;2850,000;0,413;niedrig_aktiv
947;31539;31586;4736,840;48;12,000;1223,820;124,580;328,520;0,412;niedrig_aktiv
59;2700;2747;4990,190;48;12,000;595,300;126,610;343,160;0,411;niedrig_aktiv
932;30968;31015;5137,800;48;12,000;385,980;125,360;2850,000;0,411;niedrig_aktiv
961;32208;32255;5059,140;48;12,000;853,470;125,430;1525,080;0,411;niedrig_aktiv
726;23604;23631;2014,250;28;7,000;1660,560;345,440;3134,960;0,410;niedrig_aktiv
29;1304;1351;4958,450;48;12,000;1151,810;128,590;408,040;0,409;niedrig_aktiv
24;1064;1111;4784,540;48;12,000;1290,210;130,730;1043,720;0,408;niedrig_aktiv
258;10659;10706;523,780;48;12,000;894,520;129,980;2661,040;0,408;niedrig_aktiv
679;22126;22152;5157,170;27;6,750;1892,520;280,370;2850,000;0,408;niedrig_aktiv
869;28421;28468;3515,800;48;12,000;1553,690;129,470;1620,360;0,408;niedrig_aktiv
872;28560;28569;3028,520;10;2,500;907,670;569,360;2830,120;0,408;soc_stabil
608;20210;20244;5074,540;35;8,750;1527,300;388,340;2850,000;0,407;niedrig_aktiv
899;29708;29719;4354,760;12;3,000;1318,360;450,110;1615,400;0,407;soc_stabil
993;33744;33785;4769,640;42;10,500;1106,140;132,040;1120,920;0,407;niedrig_aktiv
711;22997;23037;4807,390;41;10,250;1383,100;432,610;2850,000;0,406;soc_stabil
100;4666;4713;1415,920;48;12,000;958,080;134,750;497,840;0,405;niedrig_aktiv
158;7309;7356;4880,910;48;12,000;1129,830;134,430;485,000;0,405;niedrig_aktiv
412;14986;15033;350,010;48;12,000;1937,640;271,150;2850,000;0,405;niedrig_aktiv
447;16013;16054;1073,550;42;10,500;1950,170;266,730;2850,000;0,405;niedrig_aktiv
824;26887;26934;4369,160;48;12,000;896,790;136,260;2850,000;0,404;niedrig_aktiv
138;6402;6449;1665,020;48;12,000;1527,940;137,920;658,840;0,403;niedrig_aktiv
238;10037;10084;5237,290;48;12,000;895,010;136,730;2631,680;0,403;niedrig_aktiv
372;13718;13764;364,640;47;11,750;1841,270;301,750;2850,000;0,403;niedrig_aktiv
610;20292;20298;462,960;7;1,750;504,670;695,520;2850,000;0,403;soc_stabil
42;1928;1975;4718,560;48;12,000;900,600;137,940;482,240;0,402;niedrig_aktiv
953;31824;31871;4520,580;48;12,000;1659,650;138,300;948,360;0,402;niedrig_aktiv
976;32928;32975;4836,160;48;12,000;877,630;139,000;544,760;0,402;niedrig_aktiv
144;6683;6730;4963,800;48;12,000;1014,170;140,170;786,760;0,401;niedrig_aktiv
775;25097;25144;5182,290;48;12,000;1101,830;139,740;2850,000;0,401;niedrig_aktiv
38;1736;1783;4843,200;48;12,000;1052,910;140,960;1011,360;0,400;niedrig_aktiv
171;7933;7980;4666,740;48;12,000;993,570;142,070;391,160;0,400;niedrig_aktiv
316;12179;12226;646,410;48;12,000;1075,630;142,910;2141,240;0,399;niedrig_aktiv
398;14484;14531;4204,910;48;12,000;1708,510;142,380;2309,840;0,399;niedrig_aktiv
405;14779;14826;1209,730;48;12,000;1707,360;142,990;3001,440;0,399;niedrig_aktiv
415;15116;15147;5100,560;32;8,000;1702,320;348,750;1772,000;0,399;niedrig_aktiv
70;3228;3275;4438,190;48;12,000;1029,470;144,380;419,080;0,398;niedrig_aktiv
748;24250;24274;3902,610;25;6,250;1425,000;431,960;2850,000;0,398;soc_stabil
58;2652;2699;4539,110;48;12,000;1109,960;146,210;414,240;0,397;niedrig_aktiv
281;11276;11279;3302,890;4;1,000;494,240;1206,740;2850,000;0,397;soc_stabil
553;18711;18758;602,050;48;12,000;1127,170;145,540;1953,640;0,397;niedrig_aktiv
111;5106;5153;4829,210;48;12,000;1593,850;147,090;948,960;0,396;niedrig_aktiv
842;27606;27653;5156,820;48;12,000;1032,670;147,310;2850,000;0,396;niedrig_aktiv
615;20395;20442;5118,760;48;12,000;1034,300;148,080;2850,000;0,395;niedrig_aktiv
115;5298;5345;4780,210;48;12,000;1133,640;149,480;338,000;0,394;niedrig_aktiv
131;6066;6113;3612,820;48;12,000;1363,570;149,630;470,120;0,394;niedrig_aktiv
117;5394;5441;3799,540;48;12,000;1455,680;151,870;599,280;0,393;niedrig_aktiv
201;9063;9106;5134,150;44;11,000;1789,220;331,480;2653,040;0,393;niedrig_aktiv
703;22735;22782;4549,100;48;12,000;996,020;150,840;2850,000;0,393;niedrig_aktiv
826;26968;27014;628,820;47;11,750;2209,470;207,190;2850,000;0,393;niedrig_aktiv
369;13619;13666;461,500;48;12,000;845,940;152,120;2850,000;0,392;niedrig_aktiv
452;16209;16256;837,550;48;12,000;908,190;152,210;1158,800;0,392;niedrig_aktiv
72;3324;3371;4891,670;48;12,000;866,670;153,750;400,880;0,391;niedrig_aktiv
379;13907;13951;471,220;45;11,250;2246,200;199,660;2288,880;0,391;niedrig_aktiv
565;19000;19040;581,450;41;10,250;2182,000;217,830;2850,000;0,391;niedrig_aktiv
764;24733;24780;4990,220;48;12,000;801,090;153,950;2928,040;0,391;niedrig_aktiv
936;31105;31152;1498,860;48;12,000;1098,650;154,390;1850,840;0,391;niedrig_aktiv
938;31159;31197;4808,690;39;9,750;2000,600;271,340;1724,320;0,391;niedrig_aktiv
97;4522;4569;3690,610;48;12,000;1321,340;155,550;424,360;0,390;niedrig_aktiv
586;19677;19724;389,370;48;12,000;1103,960;156,180;2170,790;0,390;niedrig_aktiv
593;19822;19860;5126,450;39;9,750;1844,830;320,200;2850,000;0,389;niedrig_aktiv
147;6781;6828;5042,780;48;12,000;964,380;159,130;1019,280;0,388;niedrig_aktiv
418;15205;15237;5141,210;33;8,250;2018,300;270,500;2850,000;0,388;niedrig_aktiv
143;6642;6682;4605,510;41;10,250;768,990;160,510;655,760;0,387;niedrig_aktiv
433;15559;15606;1178,140;48;12,000;1335,770;160,300;2683,920;0,387;niedrig_aktiv
81;3756;3803;4732,850;48;12,000;1194,650;161,510;845,240;0,386;niedrig_aktiv
99;4618;4665;1711,550;48;12,000;1779,700;161,000;530,760;0,386;niedrig_aktiv
467;16579;16588;5088,350;10;2,500;1252,060;500,820;2369,680;0,385;soc_stabil
773;25040;25087;490,630;48;12,000;1902,440;162,340;2737,360;0,385;niedrig_aktiv
926;30680;30727;4985,090;48;12,000;865,970;163,210;2850,000;0,385;niedrig_aktiv
435;15644;15691;2621,990;48;12,000;1750,780;163,890;2533,520;0,384;niedrig_aktiv
718;23225;23272;448,260;48;12,000;801,560;164,740;2698,000;0,384;niedrig_aktiv
219;9561;9574;4574,420;14;3,500;1503,220;429,490;1538,200;0,383;niedrig_aktiv
882;28987;29034;545,060;48;12,000;878,770;164,890;2300,280;0,383;niedrig_aktiv
88;4092;4139;4172,740;48;12,000;852,380;168,960;409,160;0,381;niedrig_aktiv
46;2120;2167;4736,090;48;12,000;1603,100;169,870;567,160;0,380;niedrig_aktiv
103;4798;4845;1675,880;48;12,000;1991,450;170,320;385,560;0,380;niedrig_aktiv
198;8972;8975;1963,970;4;1,000;577,460;1289,950;2850,000;0,380;soc_stabil
420;15249;15296;586,510;48;12,000;1312,990;170,120;2437,160;0,380;niedrig_aktiv
868;28373;28420;4204,470;48;12,000;1435,780;169,750;2850,000;0,380;niedrig_aktiv
132;6114;6161;3422,600;48;12,000;1422,420;171,010;489,600;0,379;niedrig_aktiv
194;8895;8911;4401,930;17;4,250;1657,940;390,100;2506,320;0,379;niedrig_aktiv
541;18375;18417;5151,150;43;10,750;1769,740;356,860;2695,000;0,379;niedrig_aktiv
838;27457;27504;2710,920;48;12,000;1457,210;170,940;2850,000;0,379;niedrig_aktiv
844;27702;27749;4213,900;48;12,000;2050,750;170,900;2850,000;0,379;niedrig_aktiv
705;22831;22878;4391,180;48;12,000;712,500;172,290;2850,000;0,378;niedrig_aktiv
87;4044;4091;4614,500;48;12,000;1313,190;174,050;401,800;0,377;niedrig_aktiv
236;10021;10028;611,860;8;2,000;591,980;833,970;2850,000;0,377;soc_stabil
815;26499;26545;284,180;47;11,750;1906,030;319,430;2850,000;0,377;niedrig_aktiv
870;28469;28516;4903,120;48;12,000;1462,280;173,590;1500,040;0,377;niedrig_aktiv
393;14343;14389;5134,450;47;11,750;2011,700;290,000;2850,000;0,376;niedrig_aktiv
798;25871;25918;4868,810;48;12,000;1751,260;177,260;1950,640;0,375;niedrig_aktiv
10;433;480;5027,580;48;12,000;1075,340;178,200;609,960;0,374;niedrig_aktiv
218;9508;9555;514,090;48;12,000;986,650;177,940;2735,870;0,374;niedrig_aktiv
628;20706;20737;4870,920;32;8,000;1650,880;398,310;3120,550;0,374;niedrig_aktiv
642;21063;21082;536,690;20;5,000;945,480;607,050;1440,280;0,374;soc_stabil
450;16119;16166;801,940;48;12,000;2111,770;180,020;2874,320;0,373;niedrig_aktiv
942;31299;31346;4949,380;48;12,000;1072,720;179,700;1019,320;0,373;niedrig_aktiv
240;10133;10180;4727,970;48;12,000;1045,760;181,500;2850,000;0,372;niedrig_aktiv
300;11751;11798;5029,450;48;12,000;1320,480;181,760;2850,000;0,372;niedrig_aktiv
849;27834;27881;323,860;48;12,000;1001,080;182,230;1780,280;0,371;niedrig_aktiv
885;29140;29172;4688,750;33;8,250;811,980;182,070;1645,520;0,371;niedrig_aktiv
816;26546;26550;2991,030;5;1,250;622,670;1068,140;2850,000;0,370;soc_stabil
224;9642;9689;5025,000;48;12,000;1230,930;186,920;2130,920;0,368;niedrig_aktiv
655;21392;21436;960,630;45;11,250;2082,310;279,660;2677,530;0,368;niedrig_aktiv
520;17801;17848;5196,270;48;12,000;1134,790;187,490;2662,720;0,367;niedrig_aktiv
1019;34809;34847;5121,620;39;9,750;1611,540;188,490;967,280;0,367;niedrig_aktiv
283;11319;11366;749,810;48;12,000;1077,470;189,570;1587,600;0,366;niedrig_aktiv
525;17911;17918;3435,980;8;2,000;643,490;1008,260;2850,000;0,366;soc_stabil
294;11570;11597;5134,800;28;7,000;1534,970;446,400;2850,000;0,365;niedrig_aktiv
368;13613;13616;3131,640;4;1,000;646,990;1331,770;2739,120;0,365;soc_stabil
454;16264;16311;5248,720;48;12,000;957,070;190,750;2850,000;0,365;niedrig_aktiv
463;16467;16500;5125,450;34;8,500;1789,000;370,800;2850,000;0,365;niedrig_aktiv
529;17993;18031;5130,160;39;9,750;1808,220;365,570;2838,360;0,365;niedrig_aktiv
742;24096;24143;1806,070;48;12,000;1266,270;191,250;2850,000;0,365;niedrig_aktiv
265;10818;10828;4794,540;11;2,750;1366,510;496,910;1488,440;0,364;soc_stabil
853;27986;28023;4892,300;38;9,500;1425,000;192,180;2850,000;0,364;niedrig_aktiv
325;12372;12419;318,380;48;12,000;1097,820;194,070;1717,960;0,363;niedrig_aktiv
440;15851;15871;753,160;21;5,250;1021,450;601,990;2381,440;0,362;soc_stabil
676;22069;22116;933,080;48;12,000;1883,370;347,910;2852,870;0,362;niedrig_aktiv
903;29854;29901;342,730;48;12,000;1306,980;194,850;1573,680;0,362;niedrig_aktiv
916;30431;30478;780,430;48;12,000;1243,880;196,890;2850,000;0,361;niedrig_aktiv
221;9582;9629;614,230;48;12,000;2225,220;197,940;2870,360;0,360;niedrig_aktiv
779;25289;25333;4899,840;45;11,250;1516,980;198,180;2904,640;0,360;niedrig_aktiv
772;25012;25037;5037,660;26;6,500;1380,980;499,340;2629,080;0,359;soc_stabil
233;9913;9949;1779,100;37;9,250;2035,270;308,560;2850,000;0,358;niedrig_aktiv
390;14194;14241;595,550;48;12,000;1104,170;201,030;2690,640;0,358;niedrig_aktiv
732;23793;23803;4833,290;11;2,750;1173,300;562,640;1641,040;0,358;soc_stabil
921;30527;30574;357,380;48;12,000;1274,770;200,250;1693,320;0,358;niedrig_aktiv
1021;34896;34943;4906,000;48;12,000;2413,690;201,140;1614,400;0,358;niedrig_aktiv
109;5086;5098;1602,060;13;3,250;504,100;203,460;766,000;0,356;niedrig_aktiv
291;11510;11557;695,510;48;12,000;2322,970;203,100;2850,000;0,356;niedrig_aktiv
530;18032;18035;2354,510;4;1,000;691,040;1519,190;2850,000;0,356;soc_stabil
946;31491;31538;4247,670;48;12,000;1680,450;203,400;2017,320;0,356;niedrig_aktiv
715;23124;23171;274,830;48;12,000;1101,780;205,000;2489,440;0,355;niedrig_aktiv
118;5442;5489;3638,460;48;12,000;1186,600;206,300;552,080;0,354;niedrig_aktiv
267;10838;10885;659,750;48;12,000;1046,410;206,390;2112,600;0,354;niedrig_aktiv
404;14728;14775;4618,890;48;12,000;859,030;206,020;2850,000;0,354;niedrig_aktiv
414;15062;15109;311,580;48;12,000;885,110;206,520;2850,000;0,354;niedrig_aktiv
859;28089;28122;5069,540;34;8,500;2137,500;283,890;2850,000;0,354;niedrig_aktiv
887;29180;29227;330,400;48;12,000;1322,740;206,590;1767,720;0,354;niedrig_aktiv
140;6498;6545;4367,500;48;12,000;1688,760;208,750;586,680;0,352;niedrig_aktiv
217;9501;9504;3258,390;4;1,000;712,500;1425,000;2850,000;0,352;soc_stabil
253;10539;10542;4826,060;4;1,000;712,500;1548,610;2911,760;0,352;soc_stabil
266;10832;10835;3396,130;4;1,000;712,500;1488,960;2850,000;0,352;soc_stabil
478;16829;16837;437,230;9;2,250;712,500;976,960;2850,000;0,352;soc_stabil
601;20055;20058;2863,880;4;1,000;712,500;1429,550;2868,190;0,352;soc_stabil
729;23709;23756;418,740;48;12,000;1125,590;208,910;2239,640;0,352;niedrig_aktiv
769;24950;24955;2234,420;6;1,500;712,500;950,000;2850,000;0,352;soc_stabil
790;25613;25620;4686,600;8;2,000;712,500;708,140;2850,000;0,352;soc_stabil
791;25623;25627;1909,950;5;1,250;712,500;1140,000;2850,000;0,352;soc_stabil
556;18813;18860;570,710;48;12,000;978,370;210,800;2046,320;0,351;niedrig_aktiv
205;9204;9251;643,020;48;12,000;704,560;211,840;1173,540;0,350;niedrig_aktiv
472;16691;16738;1870,040;48;12,000;1888,790;212,710;2850,000;0,350;niedrig_aktiv
651;21312;21315;2701,120;4;1,000;720,110;1513,920;2880,450;0,350;soc_stabil
318;12231;12234;2955,770;4;1,000;722,880;1435,380;2850,000;0,349;soc_stabil
456;16328;16375;390,460;48;12,000;1353,110;213,620;2400,240;0,349;niedrig_aktiv
835;27349;27396;4089,520;48;12,000;1567,110;213,540;3003,800;0,349;niedrig_aktiv
255;10550;10597;635,110;48;12,000;1134,620;214,420;1510,920;0,348;niedrig_aktiv
654;21374;21386;5144,040;13;3,250;1327,760;531,730;2850,000;0,348;soc_stabil
583;19549;19596;4914,310;48;12,000;1502,490;216,800;2850,000;0,347;niedrig_aktiv
280;11221;11268;863,030;48;12,000;1700,610;218,340;2850,000;0,346;niedrig_aktiv
761;24617;24664;4735,010;48;12,000;1078,660;217,800;2850,000;0,346;niedrig_aktiv
604;20118;20149;4826,700;32;8,000;1882,170;373,260;2830,880;0,344;niedrig_aktiv
422;15305;15341;5112,260;37;9,250;1353,500;532,570;2850,000;0,342;soc_stabil
686;22314;22361;4932,990;48;12,000;1565,110;223,760;2850,000;0,342;niedrig_aktiv
231;9861;9894;4424,250;34;8,500;1907,630;224,430;2750,800;0,341;niedrig_aktiv
438;15745;15792;299,210;48;12,000;1392,040;224,340;1728,480;0,341;niedrig_aktiv
567;19051;19055;1767,100;5;1,250;764,160;1003,850;1962,600;0,341;soc_stabil
739;24035;24051;435,880;17;4,250;1220,680;572,260;2850,000;0,341;soc_stabil
141;6546;6593;3225,750;48;12,000;1949,100;226,890;1002,520;0,340;niedrig_aktiv
577;19379;19426;642,840;48;12,000;1002,590;226,950;2077,280;0,340;niedrig_aktiv
357;13401;13404;3460,030;4;1,000;771,720;1229,400;2006,360;0,339;soc_stabil
813;26448;26494;4755,680;47;11,750;2172,060;228,060;1260,560;0,339;niedrig_aktiv
350;13184;13187;431,670;4;1,000;776,390;1488,890;2850,000;0,338;soc_stabil
385;14098;14108;2100,510;11;2,750;1425,000;518,180;2850,000;0,337;soc_stabil
392;14290;14337;555,450;48;12,000;1181,260;230,390;2739,080;0,337;niedrig_aktiv
102;4750;4797;2539,900;48;12,000;2180,730;232,410;718,760;0,336;niedrig_aktiv
723;23472;23519;4829,770;48;12,000;1136,020;232,030;2850,000;0,336;niedrig_aktiv
696;22546;22549;3430,620;4;1,000;792,400;1243,210;1803,270;0,335;soc_stabil
840;27550;27597;654,140;48;12,000;1268,920;232,770;2235,360;0,335;niedrig_aktiv
909;30149;30196;4262,080;48;12,000;1147,660;235,410;2850,000;0,334;niedrig_aktiv
895;29558;29605;4651,120;48;12,000;1207,650;235,810;2891,760;0,333;niedrig_aktiv
607;20200;20206;1502,330;7;1,750;805,750;1136,230;2850,000;0,332;soc_stabil
649;21258;21305;5183,880;48;12,000;923,310;237,060;2850,000;0,332;niedrig_aktiv
837;27445;27456;4221,050;12;3,000;712,500;237,500;2850,000;0,332;niedrig_aktiv
902;29816;29847;4896,400;32;8,000;1438,550;238,150;1981,440;0,332;niedrig_aktiv
381;13964;14011;4891,260;48;12,000;2036,450;240,650;2850,000;0,330;niedrig_aktiv
563;18988;18993;4533,640;6;1,500;813,810;986,460;2663,520;0,330;soc_stabil
237;10031;10036;3121,930;6;1,500;821,910;1201,380;2850,000;0,329;soc_stabil
540;18322;18369;511,100;48;12,000;1236,910;243,350;2850,000;0,328;niedrig_aktiv
225;9690;9707;3712,460;18;4,500;1099,130;244,250;1472,680;0,327;niedrig_aktiv
792;25628;25675;630,070;48;12,000;943,270;244,760;2430,200;0,327;niedrig_aktiv
185;8605;8652;4632,620;48;12,000;1348,610;245,550;2658,950;0,326;niedrig_aktiv
204;9166;9199;5128,260;34;8,500;2040,300;351,990;2850,000;0,326;niedrig_aktiv
781;25381;25384;470,390;4;1,000;842,030;1258,990;1667,840;0,325;soc_stabil
95;4426;4473;4514,450;48;12,000;1546,620;248,650;940,200;0,324;niedrig_aktiv
653;21365;21370;1707,230;6;1,500;844,130;914,600;2111,070;0,324;soc_stabil
719;23280;23327;5087,870;48;12,000;988,020;248,290;2686,590;0,324;niedrig_aktiv
271;10974;10977;476,960;4;1,000;860,100;1344,060;1935,840;0,321;soc_stabil
596;19914;19958;4995,910;45;11,250;2257,060;294,840;2850,000;0,321;niedrig_aktiv
681;22160;22207;829,220;48;12,000;2393,750;253,340;2850,000;0,321;niedrig_aktiv
682;22209;22212;499,380;4;1,000;860,580;1299,480;1755,600;0,321;soc_stabil
462;16461;16464;2027,570;4;1,000;866,250;1519,230;2611,920;0,320;soc_stabil
800;25967;26007;4695,440;41;10,250;1242,790;254,810;2850,000;0,320;niedrig_aktiv
222;9631;9634;650,270;4;1,000;869,630;1514,780;2580,600;0,319;soc_stabil
439;15799;15846;5152,580;48;12,000;1885,560;255,900;2687,320;0,319;niedrig_aktiv
507;17508;17511;383,360;4;1,000;868,480;1580,980;2850,000;0,319;soc_stabil
499;17318;17365;5070,350;48;12,000;2113,770;258,440;2850,000;0,317;niedrig_aktiv
920;30520;30523;2863,900;4;1,000;877,600;1305,070;1764,360;0,317;soc_stabil
308;11964;12011;4823,910;48;12,000;1697,470;260,730;2812,800;0,316;niedrig_aktiv
573;19275;19278;4748,410;4;1,000;883,020;1391,100;2032,290;0,316;soc_stabil
388;14153;14166;2870,650;14;3,500;1194,940;616,460;1817,880;0,315;soc_stabil
401;14623;14626;599,380;4;1,000;887,250;1291,390;1616,560;0,315;soc_stabil
657;21451;21485;5142,780;35;8,750;1651,520;483,990;2850,000;0,314;niedrig_aktiv
434;15607;15643;3716,040;37;9,250;2463,070;266,280;2850,000;0,312;niedrig_aktiv
618;20455;20458;1297,200;4;1,000;901,660;1215,740;1256,340;0,312;soc_stabil
745;24191;24238;1418,180;48;12,000;1809,900;265,330;2943,640;0,312;niedrig_aktiv
825;26935;26967;4202,680;33;8,250;2191,100;265,590;2960,320;0,312;niedrig_aktiv
948;31587;31634;3635,280;48;12,000;2182,570;266,390;1826,000;0,312;niedrig_aktiv
805;26150;26153;1471,010;4;1,000;912,000;1432,730;2082,920;0,310;soc_stabil
513;17639;17645;5006,970;7;1,750;914,440;918,460;2225,040;0,309;soc_stabil
524;17906;17910;2407,580;5;1,250;915,640;976,390;2459,640;0,309;soc_stabil
659;21535;21538;689,920;4;1,000;919,440;1241,270;1619,040;0,308;soc_stabil
827;27015;27018;666,310;4;1,000;920,680;1380,680;1840,000;0,308;soc_stabil
648;21249;21252;494,060;4;1,000;927,580;1360,380;1731,160;0,307;soc_stabil
364;13506;13510;4267,040;5;1,250;933,090;1094,020;1737,760;0,306;soc_stabil
580;19518;19522;477,280;5;1,250;932,220;1076,590;1654,110;0,306;soc_stabil
714;23117;23120;3306,660;4;1,000;931,610;1406,810;1900,810;0,306;soc_stabil
861;28170;28175;842,390;6;1,500;933,590;844,960;1335,400;0,306;soc_stabil
706;22879;22926;4610,400;48;12,000;1164,310;276,500;2756,740;0,305;niedrig_aktiv
561;18940;18956;563,230;17;4,250;1432,320;562,060;2850,000;0,304;soc_stabil
626;20643;20685;946,800;43;10,750;2126,670;358,360;2850,000;0,304;niedrig_aktiv
275;11075;11080;682,590;6;1,500;947,530;873,350;1793,440;0,303;soc_stabil
391;14246;14287;5127,210;42;10,500;2104,830;365,510;2850,000;0,303;niedrig_aktiv
484;16936;16981;4835,400;46;11,500;2163,800;347,710;2850,000;0,303;niedrig_aktiv
542;18421;18468;364,220;48;12,000;1561,540;277,980;2850,000;0,303;niedrig_aktiv
834;27312;27348;4880,820;37;9,250;2574,990;278,380;2112,280;0,303;niedrig_aktiv
847;27788;27829;5009,650;42;10,500;2189,220;341,020;2151,760;0,303;niedrig_aktiv
187;8701;8736;4434,310;36;9,000;2537,460;281,940;2602,940;0,301;niedrig_aktiv
617;20451;20454;2525,060;4;1,000;952,920;1263,640;1359,160;0,301;soc_stabil
496;17226;17259;4924,000;34;8,500;1923,960;424,660;2459,080;0,299;niedrig_aktiv
625;20630;20642;1665,800;13;3,250;1594,700;521,500;3040,770;0,299;soc_stabil
661;21576;21580;4905,840;5;1,250;966,960;1766,930;2294,740;0,299;soc_stabil
755;24426;24430;2537,010;5;1,250;963,050;1076,760;1531,600;0,299;soc_stabil
850;27884;27887;3017,510;4;1,000;966,480;1376,110;2481,320;0,299;soc_stabil
487;17020;17024;831,660;5;1,250;971,020;1123,330;1732,560;0,298;soc_stabil
498;17310;17313;553,460;4;1,000;969,240;1537,320;2272,320;0,298;soc_stabil
635;20898;20909;4898,520;12;3,000;1176,380;647,040;2814,900;0,298;soc_stabil
646;21164;21203;5060,890;40;10,000;2108,350;372,240;2102,120;0,298;niedrig_aktiv
315;12166;12173;4749,080;8;2,000;1251,660;625,830;2850,000;0,297;soc_stabil
645;21154;21158;666,580;5;1,250;974,030;995,990;1866,040;0,297;soc_stabil
846;27782;27787;3500,320;6;1,500;975,630;828,570;1566,320;0,297;soc_stabil
493;17162;17165;4817,320;4;1,000;981,500;1305,650;1439,920;0,296;soc_stabil
396;14428;14431;639,850;4;1,000;982,970;1517,400;2137,720;0,295;soc_stabil
552;18698;18705;4746,030;8;2,000;1255,150;627,580;2850,000;0,295;soc_stabil
683;22217;22255;5124,070;39;9,750;1819,820;460,990;2850,000;0,295;niedrig_aktiv
146;6776;6780;3580,100;5;1,250;989,610;1007,580;1109,040;0,294;soc_stabil
862;28176;28179;2150,250;4;1,000;990,120;1517,570;2109,800;0,294;soc_stabil
279;11186;11218;4495,820;33;8,250;943,110;292,880;2850,000;0,293;niedrig_aktiv
416;15148;15151;2819,810;4;1,000;991,910;1371,700;1552,280;0,293;soc_stabil
139;6450;6497;3173,600;48;12,000;1471,930;294,400;925,160;0,292;niedrig_aktiv
377;13899;13902;4821,720;4;1,000;999,820;1329,950;1535,720;0,292;soc_stabil
394;14390;14393;2444,810;4;1,000;1004,310;1348,160;1375,400;0,291;soc_stabil
480;16859;16864;3411,050;6;1,500;1005,210;1297,760;2850,000;0,291;soc_stabil
694;22517;22520;4058,360;4;1,000;1001,190;1605,440;2417,020;0,291;soc_stabil
814;26495;26498;1971,830;4;1,000;1000,800;1376,770;1503,880;0,291;soc_stabil
893;29462;29509;4520,000;48;12,000;1000,400;295,120;2853,920;0,291;niedrig_aktiv
220;9575;9579;4633,510;5;1,250;1011,840;1319,050;2547,900;0,289;soc_stabil
288;11470;11473;943,460;4;1,000;1013,480;2050,700;2850,000;0,289;soc_stabil
292;11560;11563;800,460;4;1,000;1015,870;1536,310;2206,920;0,288;soc_stabil
744;24152;24190;4976,980;39;9,750;1760,830;488,370;2989,840;0,288;niedrig_aktiv
244;10304;10307;689,510;4;1,000;1021,710;1441,700;1751,760;0,287;soc_stabil
630;20781;20788;557,960;8;2,000;1021,110;1398,030;2850,000;0,287;soc_stabil
713;23086;23113;4601,930;28;7,000;2105,940;300,850;1963,590;0,287;niedrig_aktiv
516;17702;17706;2609,060;5;1,250;1027,040;1043,640;1636,120;0,286;soc_stabil
690;22423;22460;4981,510;38;9,500;2133,280;381,970;1632,720;0,286;niedrig_aktiv
494;17166;17169;3478,210;4;1,000;1033,340;1435,540;1608,800;0,285;soc_stabil
774;25089;25092;528,020;4;1,000;1033,770;1435,850;2117,280;0,285;soc_stabil
923;30580;30583;4150,100;4;1,000;1033,520;1323,240;1489,160;0,285;soc_stabil
9;385;432;3484,270;48;12,000;2667,010;306,130;640,040;0,284;niedrig_aktiv
508;17514;17523;3564,710;10;2,500;1035,250;1117,910;2850,000;0,284;soc_stabil
337;12699;12706;556,450;8;2,000;1040,720;1082,670;2850,000;0,283;soc_stabil
919;30515;30519;4303,460;5;1,250;1045,240;1218,370;2143,720;0,282;soc_stabil
272;10982;11029;5000,800;48;12,000;2452,770;309,680;2850,000;0,281;niedrig_aktiv
437;15707;15741;4748,210;35;8,750;2098,520;398,320;1715,480;0,281;niedrig_aktiv
559;18893;18900;4812,380;8;2,000;1052,610;869,330;2744,200;0,281;soc_stabil
806;26154;26159;3178,970;6;1,500;1048,900;885,130;1455,280;0,281;soc_stabil
998;33845;33848;3964,410;4;1,000;1055,300;1353,650;1453,600;0,280;soc_stabil
193;8844;8891;1855,670;48;12,000;791,840;312,780;2796,950;0,279;niedrig_aktiv
273;11031;11034;2331,070;4;1,000;1059,000;1436,530;1510,120;0,279;soc_stabil
442;15905;15908;3562,930;4;1,000;1060,080;1433,790;1683,760;0,279;soc_stabil
545;18562;18567;771,450;6;1,500;1060,940;1300,300;2850,000;0,279;soc_stabil
691;22461;22464;2286,840;4;1,000;1059,740;1411,350;1447,550;0,279;soc_stabil
710;22991;22996;3346,430;6;1,500;1060,810;1621,810;2850,000;0,279;soc_stabil
360;13439;13486;710,560;48;12,000;2392,000;317,070;2421,920;0,278;niedrig_aktiv
865;28278;28325;4563,890;48;12,000;2961,750;314,610;2850,000;0,278;niedrig_aktiv
209;9346;9352;617,710;7;1,750;1072,420;1019,960;2850,000;0,277;soc_stabil
590;19766;19769;1790,730;4;1,000;1072,700;1435,990;1453,140;0,277;soc_stabil
677;22117;22121;866,840;5;1,250;1072,670;1113,390;2081,560;0,277;soc_stabil
737;23955;23995;4616,510;41;10,250;1418,840;316,020;2935,400;0,277;niedrig_aktiv
110;5099;5105;2706,320;7;1,750;1073,690;745,860;926,240;0,276;soc_stabil
536;18143;18190;751,890;48;12,000;1372,770;318,690;1941,840;0,275;niedrig_aktiv
546;18570;18573;3675,990;4;1,000;1078,020;1477,820;2850,000;0,275;soc_stabil
782;25390;25428;5057,170;39;9,750;2137,500;395,810;2850,000;0,275;niedrig_aktiv
419;15238;15243;4666,630;6;1,500;1082,410;805,810;1453,960;0,274;soc_stabil
698;22604;22607;2884,670;4;1,000;1083,440;1795,930;2850,000;0,274;soc_stabil
52;2407;2411;4234,770;5;1,250;1088,290;1086,010;1219,120;0,273;soc_stabil
228;9756;9764;3590,250;9;2,250;1137,600;692,480;1681,920;0,273;soc_stabil
612;20332;20335;4682,890;4;1,000;1089,540;1617,940;2385,210;0,273;soc_stabil
443;15909;15956;4065,120;48;12,000;2252,820;322,600;2929,080;0,272;niedrig_aktiv
333;12612;12616;855,870;5;1,250;1096,850;974,950;2850,000;0,271;soc_stabil
709;22980;22988;938,080;9;2,250;1097,420;923,520;2239,460;0,271;soc_stabil
937;31154;31158;3677,920;5;1,250;1096,840;1069,310;1190,720;0,271;soc_stabil
358;13405;13430;4521,490;26;6,500;2137,500;402,020;2850,000;0,270;niedrig_aktiv
374;13805;13809;4714,440;5;1,250;1103,060;1210,380;1639,640;0,270;soc_stabil
483;16925;16930;599,650;6;1,500;1104,700;904,200;1991,480;0,270;soc_stabil
770;24956;25003;905,710;48;12,000;1179,590;325,470;2850,000;0,270;niedrig_aktiv
242;10229;10253;4840,080;25;6,250;1329,520;326,720;2850,000;0,269;niedrig_aktiv
566;19041;19050;491,840;10;2,500;1111,180;894,110;2850,000;0,269;soc_stabil
570;19144;19187;5105,920;44;11,000;2208,060;382,910;2850,000;0,269;niedrig_aktiv
858;28085;28088;4266,960;4;1,000;1106,850;1354,450;1690,760;0,269;soc_stabil
213;9398;9445;620,150;48;12,000;463,420;329,210;1450,400;0,267;niedrig_aktiv
313;12132;12135;2561,070;4;1,000;1120,220;1832,720;2850,000;0,267;soc_stabil
741;24058;24095;4756,150;38;9,500;2351,640;344,090;3129,680;0,267;niedrig_aktiv
637;20960;20964;567,180;5;1,250;1124,330;1434,180;2673,610;0,266;soc_stabil
995;33791;33795;1426,800;5;1,250;1124,290;1120,740;1141,760;0,266;soc_stabil
631;20793;20816;4837,020;24;6,000;1776,550;516,220;2850,000;0,265;niedrig_aktiv
632;20819;20866;721,410;48;12,000;1175,120;332,060;2741,120;0,265;niedrig_aktiv
189;8773;8792;550,610;20;5,000;1133,930;882,450;2552,140;0,264;soc_stabil
192;8840;8843;2965,050;4;1,000;1130,940;2167,360;2667,480;0,264;soc_stabil
248;10408;10450;5102,940;43;10,750;2425,810;335,460;2850,000;0,263;niedrig_aktiv
378;13903;13906;3480,120;4;1,000;1138,620;1712,470;2295,400;0,263;soc_stabil
424;15391;15394;902,080;4;1,000;1136,770;1712,380;2302,440;0,263;soc_stabil
289;11474;11477;2720,100;4;1,000;1142,770;1855,270;2850,000;0,262;soc_stabil
399;14532;14572;4060,790;41;10,250;1444,210;336,850;2359,760;0,262;niedrig_aktiv
725;23568;23603;4986,650;36;9,000;1359,790;337,270;2850,000;0,262;niedrig_aktiv
802;26057;26061;943,250;5;1,250;1144,460;974,660;2850,000;0,262;soc_stabil
857;28081;28084;2701,250;4;1,000;1143,940;1556,330;1649,560;0,262;soc_stabil
922;30576;30579;2648,510;4;1,000;1144,230;1541,210;1587,920;0,262;soc_stabil
589;19762;19765;3263,350;4;1,000;1147,870;1510,290;1540,720;0,261;soc_stabil
689;22404;22417;552,150;14;3,500;1146,530;746,380;1753,210;0,261;soc_stabil
997;33841;33844;2475,060;4;1,000;1148,910;1530,650;1541,040;0,261;soc_stabil
794;25684;25716;5089,780;33;8,250;2009,770;453,930;2850,000;0,260;niedrig_aktiv
490;17075;17078;2271,700;4;1,000;1154,960;1539,450;1599,200;0,259;soc_stabil
886;29176;29179;1747,910;4;1,000;1158,990;1558,360;1597,480;0,259;soc_stabil
771;25007;25011;3364,270;5;1,250;1161,900;1434,870;2850,000;0,258;soc_stabil
276;11081;11087;2165,740;7;1,750;1164,420;1196,780;2850,000;0,257;soc_stabil
523;17897;17905;538,270;9;2,250;1165,660;1051,440;2850,000;0,257;soc_stabil
757;24466;24469;1542,800;4;1,000;1165,850;1537,020;1613,440;0,257;soc_stabil
768;24925;24949;4771,720;25;6,250;1434,130;343,460;2850,000;0,257;niedrig_aktiv
251;10504;10507;2246,720;4;1,000;1170,550;1883,050;2850,000;0,256;soc_stabil
994;33786;33790;2867,000;5;1,250;1170,810;1165,360;1201,040;0,256;soc_stabil
848;27830;27833;2068,220;4;1,000;1180,550;1593,200;1650,600;0,254;soc_stabil
305;11870;11917;4647,240;48;12,000;2701,560;350,920;2926,000;0,252;niedrig_aktiv
754;24413;24425;354,940;13;3,250;1252,160;689,660;2850,000;0,252;soc_stabil
269;10894;10924;5114,270;31;7,750;1964,990;480,880;2850,000;0,251;niedrig_aktiv
299;11742;11746;736,300;5;1,250;1194,110;1142,660;1746,040;0,251;soc_stabil
532;18086;18089;2175,790;4;1,000;1202,050;1234,640;2850,000;0,250;soc_stabil
595;19906;19909;915,760;4;1,000;1199,510;1591,110;1916,870;0,250;soc_stabil
199;8978;9007;5029,520;30;7,500;1943,350;489,130;2470,610;0,249;niedrig_aktiv
461;16448;16460;389,910;13;3,250;1206,570;740,270;1812,240;0,249;soc_stabil
245;10312;10350;4996,240;39;9,750;1741,390;552,400;2850,000;0,247;soc_stabil
699;22608;22650;4983,160;43;10,750;2683,470;357,370;2776,370;0,247;niedrig_aktiv
247;10399;10402;601,150;4;1,000;1225,420;1362,910;1883,160;0,245;soc_stabil
547;18574;18613;4920,830;40;10,000;2259,820;405,370;2850,000;0,243;niedrig_aktiv
488;17025;17043;1696,210;19;4,750;1362,390;673,510;2295,800;0,240;soc_stabil
839;27505;27546;4450,370;42;10,500;1709,210;368,250;2921,240;0,240;niedrig_aktiv
302;11805;11852;599,480;48;12,000;1059,260;369,690;2612,600;0,239;niedrig_aktiv
555;18767;18809;4952,880;43;10,750;2802,920;369,230;2850,000;0,239;niedrig_aktiv
568;19058;19091;5010,790;34;8,500;2119,420;451,940;2022,320;0,239;niedrig_aktiv
475;16773;16782;4727,980;10;2,500;1262,860;1780,370;2710,720;0,237;soc_stabil
623;20572;20599;534,790;28;7,000;1260,570;733,730;2850,000;0,237;soc_stabil
223;9637;9641;3603,140;5;1,250;1268,150;1136,410;2252,240;0,236;soc_stabil
361;13487;13490;3503,560;4;1,000;1268,960;1268,960;2816,000;0,236;soc_stabil
312;12123;12131;570,550;9;2,250;1273,940;1089,330;2212,200;0,235;soc_stabil
307;11958;11963;2998,540;6;1,500;1276,850;851,230;1901,840;0,234;soc_stabil
684;22256;22279;1167,650;24;6,000;2086,490;473,610;2850,000;0,231;niedrig_aktiv
881;28954;28983;4883,590;30;7,500;2137,500;380,000;2850,000;0,231;niedrig_aktiv
345;12986;12994;516,270;9;2,250;1293,740;956,750;2555,200;0,230;soc_stabil
489;17046;17074;5024,220;29;7,250;2039,040;490,530;1708,240;0,228;niedrig_aktiv
750;24318;24327;487,010;10;2,500;1309,470;933,820;1895,760;0,227;soc_stabil
509;17524;17550;4839,420;27;6,750;2217,670;441,030;2758,200;0,226;niedrig_aktiv
585;19645;19674;4898,920;30;7,500;2233,760;388,430;3025,880;0,225;niedrig_aktiv
640;21025;21028;3260,810;4;1,000;1318,170;1318,170;2694,430;0,225;soc_stabil
320;12267;12270;4654,780;4;1,000;1324,340;1324,340;2705,000;0,224;soc_stabil
701;22655;22702;814,620;48;12,000;1135,200;391,420;2592,400;0,223;niedrig_aktiv
408;14907;14915;691,720;9;2,250;1340,400;1047,900;2850,000;0,221;soc_stabil
575;19322;19331;436,680;10;2,500;1340,080;896,960;2472,270;0,221;soc_stabil
582;19541;19548;2529,680;8;2,000;1338,230;1474,370;2850,000;0,221;soc_stabil
675;22058;22066;4647,880;9;2,250;1340,970;1533,810;2850,000;0,221;soc_stabil
603;20095;20111;552,530;17;4,250;1554,920;648,230;2850,000;0,218;soc_stabil
656;21437;21445;357,000;9;2,250;1355,920;1094,610;2850,000;0,218;soc_stabil
304;11862;11869;2618,700;8;2,000;1363,450;1842,810;2850,000;0,216;soc_stabil
363;13502;13505;4551,300;4;1,000;1364,390;1431,800;2235,000;0,216;soc_stabil
727;23632;23663;2017,850;32;8,000;2372,360;409,910;2850,000;0,216;niedrig_aktiv
760;24569;24616;4901,680;48;12,000;790,720;402,650;2591,600;0,215;niedrig_aktiv
803;26066;26104;4760,620;39;9,750;2857,970;403,390;2850,000;0,215;niedrig_aktiv
700;22651;22654;1771,160;4;1,000;1373,690;1373,700;2796,010;0,214;soc_stabil
203;9150;9161;424,530;12;3,000;1375,240;839,660;2850,000;0,213;soc_stabil
533;18092;18111;4644,610;20;5,000;1379,930;781,000;2850,000;0,213;soc_stabil
380;13952;13957;667,610;6;1,500;1387,200;936,250;1950,320;0,211;soc_stabil
752;24371;24374;2530,540;4;1,000;1386,710;1386,710;2850,000;0,211;soc_stabil
564;18994;18999;2835,310;6;1,500;1394,350;929,570;2850,000;0,210;soc_stabil
387;14140;14152;566,070;13;3,250;1401,170;789,870;2658,840;0,208;soc_stabil
211;9362;9366;4207,510;5;1,250;1406,250;1125,000;2850,000;0,207;soc_stabil
296;11642;11650;401,890;9;2,250;1407,630;1050,580;2579,720;0,207;soc_stabil
384;14093;14097;3689,840;5;1,250;1404,610;1123,690;2850,000;0,207;soc_stabil
521;17850;17854;2527,700;5;1,250;1405,300;1124,240;2850,000;0,207;soc_stabil
465;16550;16553;4748,600;4;1,000;1410,770;1410,770;2850,000;0,206;soc_stabil
502;17415;17421;1229,230;7;1,750;1413,030;807,450;2419,600;0,206;soc_stabil
503;17422;17429;1264,600;8;2,000;1420,800;1467,260;2850,000;0,204;soc_stabil
663;21612;21637;696,070;26;6,500;1883,920;570,920;2366,600;0,204;soc_stabil
207;9298;9304;2299,850;7;1,750;1425,000;814,290;2850,000;0,203;soc_stabil
293;11566;11569;4047,570;4;1,000;1425,000;1536,670;2850,000;0,203;soc_stabil
359;13431;13438;1635,460;8;2,000;1425,000;712,500;2850,000;0,203;soc_stabil
427;15441;15445;2708,460;5;1,250;1425,000;1140,000;2850,000;0,203;soc_stabil
485;16982;16988;2127,600;7;1,750;1427,300;815,600;2850,000;0,203;soc_stabil
535;18138;18142;1387,440;5;1,250;1425,000;1290,290;2850,000;0,203;soc_stabil
786;25517;25521;4592,590;5;1,250;1425,000;1140,000;2850,000;0,203;soc_stabil
854;28024;28027;2942,420;4;1,000;1425,000;1425,000;2850,000;0,203;soc_stabil
915;30426;30430;2496,990;5;1,250;1425,000;1140,000;2850,000;0,203;soc_stabil
411;14978;14983;2620,950;6;1,500;1432,320;954,880;2879,280;0,202;soc_stabil
606;20195;20199;1125,510;5;1,250;1429,290;1218,640;2406,700;0,202;soc_stabil
740;24052;24055;2797,860;4;1,000;1430,940;1430,940;2850,000;0,202;soc_stabil
935;31099;31104;2606,180;6;1,500;1446,860;964,570;1978,360;0,199;soc_stabil
254;10543;10547;2971,540;5;1,250;1447,760;1207,240;2941,040;0,198;soc_stabil
406;14835;14861;4442,930;27;6,750;2001,230;546,490;2443,040;0,197;niedrig_aktiv
197;8966;8971;668,120;6;1,500;1460,980;1059,270;1840,530;0,196;soc_stabil
210;9353;9361;2506,660;9;2,250;1469,660;894,630;2288,510;0,194;soc_stabil
680;22153;22157;4706,850;5;1,250;1474,550;1625,270;2578,440;0,193;soc_stabil
430;15500;15513;2868,310;14;3,500;1477,030;1237,500;2850,000;0,192;soc_stabil
476;16783;16795;2148,280;13;3,250;1479,080;909,600;2850,000;0,192;soc_stabil
673;22026;22040;394,140;15;3,750;1479,370;776,300;2850,000;0,192;soc_stabil
264;10813;10817;3364,990;5;1,250;1487,900;1190,320;2850,000;0,190;soc_stabil
448;16055;16066;472,490;12;3,000;1494,270;907,890;2180,960;0,189;soc_stabil
431;15514;15523;4904,560;10;2,500;1511,120;724,510;1730,920;0,185;soc_stabil
517;17707;17711;4124,850;5;1,250;1513,430;1210,740;2489,040;0,185;soc_stabil
285;11374;11416;4744,980;43;10,750;2291,500;482,480;2909,200;0,182;niedrig_aktiv
717;23213;23218;4542,910;6;1,500;1542,790;1028,520;1631,380;0,179;soc_stabil
458;16381;16386;3678,790;6;1,500;1558,880;1130,280;2850,000;0,175;soc_stabil
528;17982;17987;708,650;6;1,500;1559,610;1039,740;1847,520;0,175;soc_stabil
867;28364;28372;3163,900;9;2,250;1582,610;703,380;1974,760;0,173;soc_stabil
671;21977;21984;4258,650;8;2,000;1573,200;832,620;3056,910;0,172;soc_stabil
282;11280;11315;4936,450;36;9,000;1986,000;587,730;2883,680;0,171;soc_stabil
324;12360;12365;4382,400;6;1,500;1584,690;1056,460;1686,240;0,170;soc_stabil
550;18669;18673;2785,220;5;1,250;1589,850;1271,880;2850,000;0,169;soc_stabil
505;17447;17457;4929,200;11;2,750;1599,160;1391,240;2850,000;0,167;soc_stabil
481;16865;16877;4841,930;13;3,250;1629,540;1134,380;2712,520;0,161;soc_stabil
539;18294;18319;4898,340;26;6,500;1962,590;609,130;2531,920;0,161;soc_stabil
697;22553;22600;699,790;48;12,000;1198,050;480,840;1908,830;0,160;niedrig_aktiv
328;12476;12523;766,640;48;12,000;1346,180;483,630;2850,000;0,158;niedrig_aktiv
341;12810;12845;5036,710;36;9,000;2571,340;485,780;2850,000;0,157;niedrig_aktiv
426;15435;15440;4387,630;6;1,500;1655,390;1103,590;2813,880;0,155;soc_stabil
693;22508;22513;1099,370;6;1,500;1656,660;1117,750;2497,210;0,155;soc_stabil
549;18655;18668;749,900;14;3,500;1666,000;814,510;2308,040;0,153;soc_stabil
340;12796;12805;482,900;10;2,500;1679,270;810,630;2327,280;0,150;soc_stabil
598;20005;20012;711,110;8;2,000;1684,410;966,160;2850,000;0,149;soc_stabil
250;10500;10503;830,040;4;1,000;1697,260;1697,260;2850,000;0,146;soc_stabil
195;8912;8919;3730,290;8;2,000;1703,290;851,640;2331,210;0,145;soc_stabil
856;28064;28080;532,680;17;4,250;1807,820;676,570;1332,760;0,145;soc_stabil
514;17646;17651;2827,000;6;1,500;1706,490;1137,660;2494,560;0,144;soc_stabil
334;12617;12621;2016,360;5;1,250;1716,420;1481,620;2850,000;0,142;soc_stabil
621;20540;20544;2425,850;5;1,250;1754,050;1403,240;2374,560;0,135;soc_stabil
678;22122;22125;2566,410;4;1,000;1766,260;1766,260;2850,000;0,132;soc_stabil
471;16683;16690;4680,490;8;2,000;1780,380;927,190;2780,080;0,129;soc_stabil
287;11453;11467;771,750;15;3,750;1931,850;671,300;2054,160;0,123;soc_stabil
736;23907;23954;4772,320;48;12,000;799,760;533,090;2527,400;0,123;niedrig_aktiv
190;8795;8800;3713,940;6;1,500;1820,150;1213,430;2850,000;0,121;soc_stabil
351;13192;13228;4964,790;37;9,250;1824,640;755,610;2850,000;0,120;soc_stabil
511;17593;17605;1184,080;13;3,250;1956,590;667,900;2146,960;0,120;soc_stabil
451;16176;16206;5070,910;31;7,750;2078,830;633,900;2850,000;0,119;soc_stabil
389;14170;14191;4967,810;22;5,500;1848,920;770,340;2833,080;0,115;soc_stabil
925;30632;30679;4809,570;48;12,000;1005,990;545,360;2850,000;0,114;niedrig_aktiv
581;19528;19540;4945,220;13;3,250;1870,820;1043,970;2730,520;0,110;soc_stabil
327;12469;12475;2247,540;7;1,750;1891,710;1080,980;2798,440;0,106;soc_stabil
232;9895;9912;1884,160;18;4,500;1898,110;966,700;2846,920;0,105;soc_stabil
429;15477;15499;873,350;23;5,750;2298,050;591,610;1960,520;0,103;niedrig_aktiv
592;19818;19821;3380,830;4;1,000;1911,330;1935,420;2850,000;0,102;soc_stabil
338;12712;12751;5047,150;40;10,000;2337,380;594,900;2759,560;0,093;niedrig_aktiv
526;17919;17934;4651,070;16;4,000;1992,350;1023,270;2170,760;0,085;soc_stabil
459;16387;16406;4731,320;20;5,000;2232,240;640,460;2850,000;0,082;niedrig_aktiv
747;24243;24249;2776,040;7;1,750;2012,290;1150,790;2850,000;0,081;soc_stabil
685;22280;22311;715,960;32;8,000;2370,710;609,390;2683,370;0,075;niedrig_aktiv
446;16004;16012;4428,660;9;2,250;2105,310;1974,000;2746,240;0,061;soc_stabil
599;20013;20017;2363,630;5;1,250;2137,500;2001,800;2850,000;0,055;soc_stabil
362;13491;13501;4352,850;11;2,750;2140,500;1115,840;2850,000;0,054;soc_stabil
354;13337;13345;4496,420;9;2,250;712,500;633,330;2850,000;0,052;niedrig_aktiv
643;21088;21106;4700,250;19;4,750;2195,000;859,300;1903,100;0,043;soc_stabil
290;11478;11509;4705,560;32;8,000;2217,320;1032,310;2987,640;0,038;soc_stabil
331;12544;12566;4503,220;23;5,750;2486,090;685,200;2850,000;0,016;niedrig_aktiv
214;9446;9449;1356,380;4;1,000;1042,220;1754,720;2850,000;0,000;niedrig_aktiv
257;10651;10656;4561,810;6;1,500;2137,500;1900,000;2850,000;0,000;niedrig_aktiv
259;10707;10710;1683,220;4;1,000;1515,190;1515,190;2850,000;0,000;niedrig_aktiv
268;10886;10891;1568,710;6;1,500;1348,570;1505,500;2850,000;0,000;niedrig_aktiv
284;11367;11370;1564,260;4;1,000;1258,880;1971,380;2850,000;0,000;niedrig_aktiv
301;11799;11802;3811,300;4;1,000;712,500;1425,000;2850,000;0,000;niedrig_aktiv
303;11853;11861;1068,150;9;2,250;2070,170;1130,600;2850,000;0,000;niedrig_aktiv
310;12060;12079;3572,540;20;5,000;2037,640;931,340;2850,000;0,000;niedrig_aktiv
317;12227;12230;1183,340;4;1,000;1259,400;1971,900;2850,000;0,000;niedrig_aktiv
322;12324;12329;1452,630;6;1,500;2001,680;1340,010;2850,000;0,000;niedrig_aktiv
329;12524;12530;2880,740;7;1,750;1470,460;924,650;2850,000;0,000;niedrig_aktiv
356;13397;13400;1889,820;4;1,000;712,500;1425,000;2850,000;0,000;niedrig_aktiv
367;13607;13612;4769,030;6;1,500;611,250;836,020;2571,120;0,000;niedrig_aktiv
370;13667;13670;1493,370;4;1,000;961,990;1070,910;1863,560;0,000;niedrig_aktiv
421;15297;15302;1785,290;6;1,500;1600,990;1542,330;2850,000;0,000;niedrig_aktiv
453;16257;16261;1097,120;5;1,250;1788,930;2001,140;2850,000;0,000;niedrig_aktiv
455;16312;16325;4190,270;14;3,500;2137,500;808,680;2850,000;0,000;niedrig_aktiv
457;16376;16380;1729,480;5;1,250;354,740;853,790;2850,000;0,000;niedrig_aktiv
469;16644;16648;791,430;5;1,250;1653,250;1734,760;2850,000;0,000;niedrig_aktiv
479;16838;16858;1808,840;21;5,250;2786,850;1106,020;2850,000;0,000;niedrig_aktiv
554;18759;18764;1250,370;6;1,500;2206,620;1848,830;2850,000;0,000;niedrig_aktiv
557;18861;18865;1791,900;5;1,250;1450,550;1428,550;2850,000;0,000;niedrig_aktiv
587;19725;19729;1132,120;5;1,250;1026,300;1391,040;2850,000;0,000;niedrig_aktiv
614;20388;20391;917,850;4;1,000;1709,220;2421,720;2850,000;0,000;niedrig_aktiv
616;20443;20450;4178,380;8;2,000;1242,750;778,940;1265,350;0,000;niedrig_aktiv
624;20604;20629;4862,960;26;6,500;2417,070;741,280;2850,000;0,000;niedrig_aktiv
633;20867;20871;1706,780;5;1,250;842,750;1244,200;2850,000;0,000;niedrig_aktiv
650;21306;21311;4467,720;6;1,500;712,500;1042,090;2850,000;0,000;niedrig_aktiv
707;22927;22933;3764,260;7;1,750;748,920;751,170;2850,000;0,000;niedrig_aktiv
730;23757;23762;917,820;6;1,500;2137,500;1613,270;2850,000;0,000;niedrig_aktiv
743;24144;24151;3248,350;8;2,000;1412,870;984,710;2589,320;0,000;niedrig_aktiv
784;25479;25483;1116,320;5;1,250;1534,240;1679,050;2258,280;0,000;niedrig_aktiv
788;25575;25579;1403,190;5;1,250;1439,920;1585,740;2169,040;0,000;niedrig_aktiv
793;25676;25680;2066,810;5;1,250;2115,810;1739,340;2850,000;0,000;niedrig_aktiv
841;27598;27602;1392,490;5;1,250;1561,620;1650,710;2007,080;0,000;niedrig_aktiv
917;30479;30483;2423,400;5;1,250;1253,450;1259,110;1281,760;0,000;niedrig_aktiv
940;31246;31250;3842,370;5;1,250;818,660;832,920;1427,200;0,000;niedrig_aktiv
